{
  "label": 2,
  "gap": -1.518417445762958,
  "eps": 0.1,
  "verify": {
    "ObjectiveBound": 1e+100,
    "ObjectiveValue": NaN,
    "PredictedIndex": 3,
    "SolveStatus": "InfeasibleOrUnbounded",
    "SolveTime": 40.72068786621094,
    "TotalTime": 52.586842217,
    "robust": true,
    "status_known": true
  },
  "test_acc": 0.9835,
  "adv_out_score": [
    -3.3914852142333984,
    -6.7526421546936035,
    0.59344482421875,
    0.5951852798461914,
    -7.788984298706055,
    -6.515511989593506,
    -8.621126174926758,
    -3.5920729637145996,
    -1.5291746854782104,
    -4.36995792388916
  ],
  "adv_out_score_mm": [
    -3.391481637954712,
    -6.751992225646973,
    0.5946166515350342,
    0.5946125388145447,
    -7.788812637329102,
    -6.516110420227051,
    -8.620864868164062,
    -3.591656446456909,
    -1.529550313949585,
    -4.370851516723633
  ],
  "inp_out_score": [
    -1.1679900884628296,
    -6.30238676071167,
    3.106013774871826,
    -2.048283815383911,
    -7.791825294494629,
    -8.231378555297852,
    -7.5197625160217285,
    -3.14151668548584,
    -1.423090934753418,
    -5.176975727081299
  ],
  "mat_model_path": "data/mnist.mat.xz",
  "device": "cuda",
  "argv_options": [
    "--log-file"
  ]
}