{
  "label": 4,
  "gap": -1.0982129573822021,
  "eps": 0.1,
  "verify": {
    "ObjectiveBound": 1e+100,
    "ObjectiveValue": NaN,
    "PredictedIndex": 5,
    "SolveStatus": "InfeasibleOrUnbounded",
    "SolveTime": 9.42831802368164,
    "TotalTime": 19.983604901,
    "robust": true,
    "status_known": true
  },
  "test_acc": 0.9838,
  "adv_out_score": [
    -4.657218933105469,
    -7.60877799987793,
    -4.958915710449219,
    -5.148044586181641,
    0.5589315891265869,
    -7.003198146820068,
    -6.979182243347168,
    -3.461992025375366,
    -3.164369821548462,
    0.561763346195221
  ],
  "adv_out_score_mm": [
    -4.657174110412598,
    -7.607870101928711,
    -4.95977783203125,
    -5.148730754852295,
    0.5601541996002197,
    -7.003809928894043,
    -6.978381633758545,
    -3.4623239040374756,
    -3.1644742488861084,
    0.5601483583450317
  ],
  "inp_out_score": [
    -6.702446460723877,
    -6.7819061279296875,
    -5.212124347686768,
    -5.478209495544434,
    3.2411680221557617,
    -8.071756362915039,
    -7.251525402069092,
    -3.6066410541534424,
    -4.2322516441345215,
    -0.8880832195281982
  ],
  "mat_model_path": "data/mnist.mat.xz",
  "device": "cuda",
  "argv_options": [
    "--log-file"
  ]
}