{
  "label": 6,
  "gap": -2.074641341689596,
  "eps": 0.1,
  "verify": {
    "ObjectiveBound": 1e+100,
    "ObjectiveValue": NaN,
    "PredictedIndex": 7,
    "SolveStatus": "InfeasibleOrUnbounded",
    "SolveTime": 163.30081391334534,
    "TotalTime": 175.047767123,
    "robust": true,
    "status_known": true
  },
  "test_acc": 0.9842,
  "adv_out_score": [
    -4.778266906738281,
    -6.01838493347168,
    -3.830711603164673,
    -6.690269470214844,
    -0.69645094871521,
    -4.902642726898193,
    -0.6972873210906982,
    -4.119303226470947,
    -2.701082944869995,
    -7.270491123199463
  ],
  "adv_out_score_mm": [
    -4.777760982513428,
    -6.018782615661621,
    -3.830660343170166,
    -6.690246105194092,
    -0.69692462682724,
    -4.90242338180542,
    -0.6969205141067505,
    -4.119487762451172,
    -2.7010903358459473,
    -7.27034330368042
  ],
  "inp_out_score": [
    -4.161263942718506,
    -6.640435218811035,
    -3.5710995197296143,
    -6.528389930725098,
    -1.565452218055725,
    -3.6543936729431152,
    1.7828706502914429,
    -5.070131778717041,
    -2.7135753631591797,
    -7.922093868255615
  ],
  "mat_model_path": "data/mnist.mat.xz",
  "device": "cuda",
  "argv_options": [
    "--log-file"
  ]
}