{
  "label": 6,
  "gap": -2.2001739081808616,
  "eps": 0.1,
  "verify": {
    "ObjectiveBound": 1e+100,
    "ObjectiveValue": NaN,
    "PredictedIndex": 7,
    "SolveStatus": "InfeasibleOrUnbounded",
    "SolveTime": 16.847707986831665,
    "TotalTime": 27.306772152,
    "robust": true,
    "status_known": true
  },
  "test_acc": 0.984,
  "adv_out_score": [
    -6.834489345550537,
    -4.771399974822998,
    -4.530337333679199,
    -5.5747222900390625,
    -3.724977970123291,
    -0.2309984266757965,
    -0.23099613189697266,
    -7.107208728790283,
    -1.885331392288208,
    -5.3734660148620605
  ],
  "adv_out_score_mm": [
    -6.834489345550537,
    -4.771401405334473,
    -4.53033971786499,
    -5.5747222900390625,
    -3.724977731704712,
    -0.2309958040714264,
    -0.2309962511062622,
    -7.107208251953125,
    -1.8853325843811035,
    -5.3734660148620605
  ],
  "inp_out_score": [
    -5.3975396156311035,
    -5.021388530731201,
    -5.1289520263671875,
    -6.185272693634033,
    -2.598438262939453,
    -1.217666506767273,
    1.9196815490722656,
    -7.922251224517822,
    -2.4817543029785156,
    -6.005493640899658
  ],
  "mat_model_path": "data/mnist.mat.xz",
  "device": "cpu",
  "argv_options": [
    "--cpu",
    "--mm",
    "--log-file"
  ]
}