{
  "label": 6,
  "gap": -2.2001739081808616,
  "eps": 0.1,
  "verify": {
    "ObjectiveBound": 1e+100,
    "ObjectiveValue": NaN,
    "PredictedIndex": 7,
    "SolveStatus": "InfeasibleOrUnbounded",
    "SolveTime": 15.940364837646484,
    "TotalTime": 25.886185444,
    "robust": true,
    "status_known": true
  },
  "test_acc": 0.984,
  "adv_out_score": [
    -6.834489822387695,
    -4.771399974822998,
    -4.530338287353516,
    -5.574721813201904,
    -3.724977731704712,
    -0.23099753260612488,
    -0.23099756240844727,
    -7.107208728790283,
    -1.8853321075439453,
    -5.373465061187744
  ],
  "adv_out_score_mm": [
    -6.834488391876221,
    -4.771399974822998,
    -4.530337333679199,
    -5.574721813201904,
    -3.724977970123291,
    -0.23099830746650696,
    -0.230995774269104,
    -7.107208728790283,
    -1.885331630706787,
    -5.373466491699219
  ],
  "inp_out_score": [
    -5.3975396156311035,
    -5.021387100219727,
    -5.128951072692871,
    -6.185272693634033,
    -2.5984368324279785,
    -1.217666745185852,
    1.9196805953979492,
    -7.922253131866455,
    -2.481754779815674,
    -6.005495071411133
  ],
  "mat_model_path": "data/mnist.mat.xz",
  "device": "cuda",
  "argv_options": [
    "--stable",
    "--log-file"
  ]
}