{
  "label": 6,
  "gap": -2.2001739081808616,
  "eps": 0.1,
  "verify": {
    "ObjectiveBound": 1e+100,
    "ObjectiveValue": NaN,
    "PredictedIndex": 7,
    "SolveStatus": "InfeasibleOrUnbounded",
    "SolveTime": 15.86746597290039,
    "TotalTime": 26.210126566,
    "robust": true,
    "status_known": true
  },
  "test_acc": 0.984,
  "adv_out_score": [
    -6.834394931793213,
    -4.772030830383301,
    -4.5302228927612305,
    -5.574671745300293,
    -3.7258968353271484,
    -0.23006442189216614,
    -0.2313758134841919,
    -7.10698938369751,
    -1.8851897716522217,
    -5.372563362121582
  ],
  "adv_out_score_mm": [
    -6.8344879150390625,
    -4.77139949798584,
    -4.530338287353516,
    -5.5747222900390625,
    -3.724978446960449,
    -0.23099824786186218,
    -0.2309955358505249,
    -7.107208728790283,
    -1.8853318691253662,
    -5.373466968536377
  ],
  "inp_out_score": [
    -5.3978142738342285,
    -5.021168231964111,
    -5.128983497619629,
    -6.1852288246154785,
    -2.598196506500244,
    -1.2177443504333496,
    1.9195713996887207,
    -7.922224521636963,
    -2.481809377670288,
    -6.005581855773926
  ],
  "mat_model_path": "data/mnist.mat.xz",
  "device": "cuda",
  "argv_options": [
    "--log-file"
  ]
}