{
  "label": 6,
  "gap": -2.2001739081808616,
  "eps": 0.1,
  "verify": {
    "ObjectiveBound": 1e+100,
    "ObjectiveValue": NaN,
    "PredictedIndex": 7,
    "SolveStatus": "InfeasibleOrUnbounded",
    "SolveTime": 17.917036056518555,
    "TotalTime": 29.256818888,
    "robust": true,
    "status_known": true
  },
  "test_acc": 0.984,
  "adv_out_score": [
    -6.834489822387695,
    -4.771399974822998,
    -4.530338287353516,
    -5.574721336364746,
    -3.72497820854187,
    -0.2309969961643219,
    -0.23099780082702637,
    -7.107208251953125,
    -1.8853325843811035,
    -5.3734660148620605
  ],
  "adv_out_score_mm": [
    -6.834489345550537,
    -4.771400451660156,
    -4.530339241027832,
    -5.574721813201904,
    -3.724977731704712,
    -0.2309974730014801,
    -0.23099517822265625,
    -7.107208728790283,
    -1.8853330612182617,
    -5.3734660148620605
  ],
  "inp_out_score": [
    -5.3975396156311035,
    -5.021388530731201,
    -5.1289520263671875,
    -6.185272693634033,
    -2.598438262939453,
    -1.217666506767273,
    1.9196815490722656,
    -7.922251224517822,
    -2.4817543029785156,
    -6.005493640899658
  ],
  "mat_model_path": "data/mnist.mat.xz",
  "device": "cpu",
  "argv_options": [
    "--cpu",
    "--log-file"
  ]
}