{
  "label": 9,
  "gap": -0.03957562719990185,
  "eps": 0.1,
  "verify": {
    "ObjectiveBound": 1e+100,
    "ObjectiveValue": NaN,
    "PredictedIndex": 10,
    "SolveStatus": "InfeasibleOrUnbounded",
    "SolveTime": 46.30884599685669,
    "TotalTime": 56.028926904,
    "robust": true,
    "status_known": true
  },
  "test_acc": 0.9857,
  "adv_out_score": [
    -5.711146831512451,
    -7.168160438537598,
    -2.977344274520874,
    -3.6997792720794678,
    -4.168307781219482,
    -5.3578572273254395,
    -5.073737621307373,
    -3.5672338008880615,
    -0.27190905809402466,
    -0.2753206789493561
  ],
  "adv_out_score_mm": [
    -5.7111358642578125,
    -7.168956756591797,
    -2.975172281265259,
    -3.701035737991333,
    -4.169005870819092,
    -5.358817100524902,
    -5.075652122497559,
    -3.5655906200408936,
    -0.27347660064697266,
    -0.2734718918800354
  ],
  "inp_out_score": [
    -4.720956802368164,
    -7.856866836547852,
    -3.5650134086608887,
    -4.166208744049072,
    -3.990145444869995,
    -4.825880527496338,
    -5.725059986114502,
    -3.371722936630249,
    -1.5133392810821533,
    1.9400357007980347
  ],
  "mat_model_path": "data/mnist.mat.xz",
  "device": "cuda",
  "argv_options": [
    "--log-file"
  ]
}