{
  "label": 3,
  "gap": -3.673972438462156,
  "eps": 0.1,
  "verify": {
    "ObjectiveBound": 1e+100,
    "ObjectiveValue": NaN,
    "PredictedIndex": 4,
    "SolveStatus": "InfeasibleOrUnbounded",
    "SolveTime": 319.5691239833832,
    "TotalTime": 331.353926949,
    "robust": true,
    "status_known": true
  },
  "test_acc": 0.9783,
  "adv_out_score": [
    -8.856485366821289,
    -5.922805309295654,
    -1.9010471105575562,
    0.8832173347473145,
    -7.455128192901611,
    -1.9911226034164429,
    -9.832054138183594,
    0.8832180500030518,
    -1.3941855430603027,
    -3.2513391971588135
  ],
  "adv_out_score_mm": [
    -8.856486320495605,
    -5.922804832458496,
    -1.9010475873947144,
    0.8832192420959473,
    -7.4551286697387695,
    -1.991123080253601,
    -9.832053184509277,
    0.8832160234451294,
    -1.3941853046417236,
    -3.2513396739959717
  ],
  "inp_out_score": [
    -8.547304153442383,
    -6.595455169677734,
    -2.899003505706787,
    2.5966877937316895,
    -7.191378593444824,
    -2.0407655239105225,
    -9.22293472290039,
    -1.2683467864990234,
    -1.2916650772094727,
    -3.2629048824310303
  ],
  "mat_model_path": "data/mnist.mat.xz",
  "device": "cpu",
  "argv_options": [
    "--cpu",
    "--log-file"
  ]
}