{
  "label": 3,
  "gap": -3.673972438462156,
  "eps": 0.1,
  "verify": {
    "ObjectiveBound": 1e+100,
    "ObjectiveValue": NaN,
    "PredictedIndex": 4,
    "SolveStatus": "InfeasibleOrUnbounded",
    "SolveTime": 159.49405598640442,
    "TotalTime": 169.690113644,
    "robust": true,
    "status_known": true
  },
  "test_acc": 0.9783,
  "adv_out_score": [
    -8.856273651123047,
    -5.9231085777282715,
    -1.9005829095840454,
    0.8828792572021484,
    -7.455513954162598,
    -1.9908305406570435,
    -9.831772804260254,
    0.8836865425109863,
    -1.3941529989242554,
    -3.251237154006958
  ],
  "adv_out_score_mm": [
    -8.856484413146973,
    -5.922804832458496,
    -1.9010480642318726,
    0.8832182884216309,
    -7.455128192901611,
    -1.9911221265792847,
    -9.832051277160645,
    0.8832160234451294,
    -1.3941848278045654,
    -3.251339912414551
  ],
  "inp_out_score": [
    -8.547208786010742,
    -6.5959320068359375,
    -2.898905038833618,
    2.596466541290283,
    -7.191756725311279,
    -2.040135145187378,
    -9.222469329833984,
    -1.2682864665985107,
    -1.2912029027938843,
    -3.2629308700561523
  ],
  "mat_model_path": "data/mnist.mat.xz",
  "device": "cuda",
  "argv_options": [
    "--log-file"
  ]
}