{
  "label": 3,
  "gap": -3.673972438462156,
  "eps": 0.1,
  "verify": {
    "ObjectiveBound": 1e+100,
    "ObjectiveValue": NaN,
    "PredictedIndex": 4,
    "SolveStatus": "InfeasibleOrUnbounded",
    "SolveTime": 301.1374571323395,
    "TotalTime": 312.370903947,
    "robust": true,
    "status_known": true
  },
  "test_acc": 0.9783,
  "adv_out_score": [
    -8.856483459472656,
    -5.92280387878418,
    -1.9010480642318726,
    0.8832173347473145,
    -7.455127716064453,
    -1.9911226034164429,
    -9.832051277160645,
    0.8832181692123413,
    -1.3941855430603027,
    -3.2513396739959717
  ],
  "adv_out_score_mm": [
    -8.856484413146973,
    -5.922802925109863,
    -1.9010478258132935,
    0.8832182884216309,
    -7.455128192901611,
    -1.9911226034164429,
    -9.832052230834961,
    0.8832155466079712,
    -1.3941855430603027,
    -3.25134015083313
  ],
  "inp_out_score": [
    -8.5473051071167,
    -6.595455169677734,
    -2.89900541305542,
    2.5966877937316895,
    -7.191378593444824,
    -2.0407655239105225,
    -9.222933769226074,
    -1.268347144126892,
    -1.2916646003723145,
    -3.262904405593872
  ],
  "mat_model_path": "data/mnist.mat.xz",
  "device": "cuda",
  "argv_options": [
    "--stable",
    "--log-file"
  ]
}