{
  "label": 9,
  "gap": -5.0190233333916646e-08,
  "eps": 0.1,
  "verify": {
    "ObjectiveBound": 1e+100,
    "ObjectiveValue": NaN,
    "PredictedIndex": 10,
    "SolveStatus": "InfeasibleOrUnbounded",
    "SolveTime": 24.949962854385376,
    "TotalTime": 36.566519544,
    "robust": true,
    "status_known": true
  },
  "test_acc": 0.9857,
  "adv_out_score": [
    -9.51969051361084,
    -4.022714138031006,
    -5.992178916931152,
    -3.4532978534698486,
    -0.19534334540367126,
    -5.095879554748535,
    -8.704307556152344,
    -3.197197437286377,
    -2.6050009727478027,
    -0.1953451931476593
  ],
  "adv_out_score_mm": [
    -9.51969051361084,
    -4.022716045379639,
    -5.992179870605469,
    -3.4532980918884277,
    -0.19534477591514587,
    -5.095879077911377,
    -8.704307556152344,
    -3.1971967220306396,
    -2.6050009727478027,
    -0.1953432857990265
  ],
  "inp_out_score": [
    -8.78794002532959,
    -4.382288932800293,
    -6.285023212432861,
    -3.298003911972046,
    -1.000801682472229,
    -4.428884506225586,
    -9.405426025390625,
    -3.605879306793213,
    -2.2362067699432373,
    1.71932852268219
  ],
  "mat_model_path": "data/mnist.mat.xz",
  "device": "cpu",
  "argv_options": [
    "--cpu",
    "--log-file"
  ]
}