{
  "label": 9,
  "gap": 0.0,
  "eps": 0.1,
  "verify": {
    "ObjectiveBound": 1e+100,
    "ObjectiveValue": NaN,
    "PredictedIndex": 10,
    "SolveStatus": "InfeasibleOrUnbounded",
    "SolveTime": 19.333559036254883,
    "TotalTime": 29.31038619,
    "robust": true,
    "status_known": true
  },
  "test_acc": 0.9857,
  "adv_out_score": [
    -9.519691467285156,
    -4.022714614868164,
    -5.992178916931152,
    -3.4532978534698486,
    -0.19534453749656677,
    -5.095879077911377,
    -8.704307556152344,
    -3.197197198867798,
    -2.6050004959106445,
    -0.1953432261943817
  ],
  "adv_out_score_mm": [
    -9.51969051361084,
    -4.0227155685424805,
    -5.992179870605469,
    -3.4532976150512695,
    -0.19534334540367126,
    -5.095879077911377,
    -8.70430850982666,
    -3.197197437286377,
    -2.60500168800354,
    -0.19534453749656677
  ],
  "inp_out_score": [
    -8.78794002532959,
    -4.382288932800293,
    -6.285023212432861,
    -3.298003911972046,
    -1.000801682472229,
    -4.428884506225586,
    -9.405426025390625,
    -3.605879306793213,
    -2.2362067699432373,
    1.71932852268219
  ],
  "mat_model_path": "data/mnist.mat.xz",
  "device": "cpu",
  "argv_options": [
    "--no-gap",
    "--cpu",
    "--mm",
    "--log-file"
  ]
}