{
  "label": 9,
  "gap": -5.0190233333916646e-08,
  "eps": 0.1,
  "verify": {
    "ObjectiveBound": 1e+100,
    "ObjectiveValue": NaN,
    "PredictedIndex": 10,
    "SolveStatus": "InfeasibleOrUnbounded",
    "SolveTime": 21.185747146606445,
    "TotalTime": 30.620014671,
    "robust": true,
    "status_known": true
  },
  "test_acc": 0.9857,
  "adv_out_score": [
    -9.519896507263184,
    -4.022029399871826,
    -5.992170333862305,
    -3.4540226459503174,
    -0.19470945000648499,
    -5.096539497375488,
    -8.704350471496582,
    -3.1968793869018555,
    -2.605559825897217,
    -0.19570747017860413
  ],
  "adv_out_score_mm": [
    -9.519694328308105,
    -4.0227155685424805,
    -5.992180347442627,
    -3.453296422958374,
    -0.1953452229499817,
    -5.0958781242370605,
    -8.704305648803711,
    -3.1971981525421143,
    -2.60499906539917,
    -0.19534218311309814
  ],
  "inp_out_score": [
    -8.787708282470703,
    -4.382820129394531,
    -6.285264015197754,
    -3.2975919246673584,
    -1.0012753009796143,
    -4.4281134605407715,
    -9.405303955078125,
    -3.6061651706695557,
    -2.2358930110931396,
    1.7196967601776123
  ],
  "mat_model_path": "data/mnist.mat.xz",
  "device": "cuda",
  "argv_options": [
    "--log-file"
  ]
}