{
  "label": 9,
  "gap": 0.0,
  "eps": 0.1,
  "verify": {
    "ObjectiveBound": 1e+100,
    "ObjectiveValue": NaN,
    "PredictedIndex": 10,
    "SolveStatus": "InfeasibleOrUnbounded",
    "SolveTime": 20.97746515274048,
    "TotalTime": 31.860848364,
    "robust": true,
    "status_known": true
  },
  "test_acc": 0.9857,
  "adv_out_score": [
    -9.519692420959473,
    -4.0227155685424805,
    -5.992179870605469,
    -3.4532973766326904,
    -0.19534382224082947,
    -5.095877647399902,
    -8.70430850982666,
    -3.197197914123535,
    -2.6050004959106445,
    -0.19534501433372498
  ],
  "adv_out_score_mm": [
    -9.51969051361084,
    -4.022716522216797,
    -5.992178916931152,
    -3.4532971382141113,
    -0.19534453749656677,
    -5.095879077911377,
    -8.704309463500977,
    -3.197197198867798,
    -2.605001211166382,
    -0.19534334540367126
  ],
  "inp_out_score": [
    -8.78794002532959,
    -4.382288932800293,
    -6.285023212432861,
    -3.298003911972046,
    -1.000801682472229,
    -4.428884506225586,
    -9.405426025390625,
    -3.605879306793213,
    -2.2362067699432373,
    1.71932852268219
  ],
  "mat_model_path": "data/mnist.mat.xz",
  "device": "cpu",
  "argv_options": [
    "--no-gap",
    "--cpu",
    "--log-file"
  ]
}