{
  "label": 9,
  "gap": -5.0190233333916646e-08,
  "eps": 0.1,
  "verify": {
    "ObjectiveBound": 1e+100,
    "ObjectiveValue": NaN,
    "PredictedIndex": 10,
    "SolveStatus": "InfeasibleOrUnbounded",
    "SolveTime": 23.52203392982483,
    "TotalTime": 34.938679582,
    "robust": true,
    "status_known": true
  },
  "test_acc": 0.9857,
  "adv_out_score": [
    -9.519691467285156,
    -4.0227155685424805,
    -5.992178916931152,
    -3.4532973766326904,
    -0.19534477591514587,
    -5.0958781242370605,
    -8.704307556152344,
    -3.197197198867798,
    -2.6050004959106445,
    -0.1953432857990265
  ],
  "adv_out_score_mm": [
    -9.51969051361084,
    -4.0227155685424805,
    -5.992179870605469,
    -3.4532978534698486,
    -0.19534334540367126,
    -5.095878601074219,
    -8.704307556152344,
    -3.197197198867798,
    -2.6050021648406982,
    -0.19534459710121155
  ],
  "inp_out_score": [
    -8.78794002532959,
    -4.382288932800293,
    -6.285023212432861,
    -3.298003911972046,
    -1.000801682472229,
    -4.428884506225586,
    -9.405426025390625,
    -3.605879306793213,
    -2.2362067699432373,
    1.71932852268219
  ],
  "mat_model_path": "data/mnist.mat.xz",
  "device": "cpu",
  "argv_options": [
    "--cpu",
    "--mm",
    "--log-file"
  ]
}