{
  "label": 9,
  "gap": 0.0,
  "eps": 0.1,
  "verify": {
    "ObjectiveBound": 1e+100,
    "ObjectiveValue": NaN,
    "PredictedIndex": 10,
    "SolveStatus": "InfeasibleOrUnbounded",
    "SolveTime": 19.59340810775757,
    "TotalTime": 29.908090658,
    "robust": true,
    "status_known": true
  },
  "test_acc": 0.9857,
  "adv_out_score": [
    -9.519906044006348,
    -4.0219926834106445,
    -5.992406845092773,
    -3.4538772106170654,
    -0.19467571377754211,
    -5.096348285675049,
    -8.704292297363281,
    -3.196969985961914,
    -2.6055126190185547,
    -0.1956612765789032
  ],
  "adv_out_score_mm": [
    -9.519692420959473,
    -4.022716522216797,
    -5.992180824279785,
    -3.453296422958374,
    -0.19534531235694885,
    -5.095877647399902,
    -8.704306602478027,
    -3.197197675704956,
    -2.604999542236328,
    -0.19534176588058472
  ],
  "inp_out_score": [
    -8.787708282470703,
    -4.382820129394531,
    -6.285264015197754,
    -3.2975919246673584,
    -1.0012753009796143,
    -4.4281134605407715,
    -9.405303955078125,
    -3.6061651706695557,
    -2.2358930110931396,
    1.7196967601776123
  ],
  "mat_model_path": "data/mnist.mat.xz",
  "device": "cuda",
  "argv_options": [
    "--no-gap",
    "--log-file"
  ]
}