{
  "label": 3,
  "gap": -1.925067271937266e-07,
  "eps": 0.1,
  "verify": {
    "ObjectiveBound": 1e+100,
    "ObjectiveValue": NaN,
    "PredictedIndex": 4,
    "SolveStatus": "InfeasibleOrUnbounded",
    "SolveTime": 14.752565860748291,
    "TotalTime": 25.543533843,
    "robust": true,
    "status_known": true
  },
  "test_acc": 0.9857,
  "adv_out_score": [
    -7.509828567504883,
    -3.8584156036376953,
    -3.9495694637298584,
    -0.775273323059082,
    -5.435855388641357,
    -0.7746846079826355,
    -3.611738681793213,
    -4.510847568511963,
    -3.194535255432129,
    -4.51325798034668
  ],
  "adv_out_score_mm": [
    -7.509797096252441,
    -3.8584365844726562,
    -3.9497406482696533,
    -0.7748387455940247,
    -5.43559455871582,
    -0.7748416066169739,
    -3.6114275455474854,
    -4.511118412017822,
    -3.194300889968872,
    -4.513582229614258
  ],
  "inp_out_score": [
    -7.005634307861328,
    -4.020440578460693,
    -3.401426076889038,
    0.8641748428344727,
    -6.368790626525879,
    -1.663102388381958,
    -5.202875137329102,
    -3.9513256549835205,
    -2.9448492527008057,
    -3.7641263008117676
  ],
  "mat_model_path": "data/mnist.mat.xz",
  "device": "cuda",
  "argv_options": [
    "--log-file"
  ]
}