{
  "label": 3,
  "gap": 0.0,
  "eps": 0.1,
  "verify": {
    "ObjectiveBound": 1e+100,
    "ObjectiveValue": NaN,
    "PredictedIndex": 4,
    "SolveStatus": "InfeasibleOrUnbounded",
    "SolveTime": 25.80299210548401,
    "TotalTime": 36.03934862,
    "robust": true,
    "status_known": true
  },
  "test_acc": 0.9857,
  "adv_out_score": [
    -7.509705543518066,
    -3.8585126399993896,
    -3.949658155441284,
    -0.7750337719917297,
    -5.435783863067627,
    -0.7745103240013123,
    -3.611481189727783,
    -4.511042594909668,
    -3.1944758892059326,
    -4.513382434844971
  ],
  "adv_out_score_mm": [
    -7.509797096252441,
    -3.8584368228912354,
    -3.9497406482696533,
    -0.7748386859893799,
    -5.43559455871582,
    -0.7748420238494873,
    -3.6114282608032227,
    -4.511118412017822,
    -3.194301128387451,
    -4.513582229614258
  ],
  "inp_out_score": [
    -7.005634307861328,
    -4.020440578460693,
    -3.401426076889038,
    0.864175021648407,
    -6.368790626525879,
    -1.663102388381958,
    -5.202875137329102,
    -3.9513256549835205,
    -2.9448492527008057,
    -3.7641263008117676
  ],
  "mat_model_path": "data/mnist.mat.xz",
  "device": "cuda",
  "argv_options": [
    "--no-gap",
    "--log-file"
  ]
}