{
  "label": 3,
  "gap": 0.0,
  "eps": 0.1,
  "verify": {
    "ObjectiveBound": 1e+100,
    "ObjectiveValue": NaN,
    "PredictedIndex": 4,
    "SolveStatus": "InfeasibleOrUnbounded",
    "SolveTime": 28.02231788635254,
    "TotalTime": 38.611165805,
    "robust": true,
    "status_known": true
  },
  "test_acc": 0.9857,
  "adv_out_score": [
    -7.5097975730896,
    -3.8584368228912354,
    -3.9497392177581787,
    -0.7748401761054993,
    -5.43559455871582,
    -0.7748400568962097,
    -3.61142635345459,
    -4.511118412017822,
    -3.194301128387451,
    -4.513583183288574
  ],
  "adv_out_score_mm": [
    -7.509798526763916,
    -3.858436346054077,
    -3.9497406482696533,
    -0.7748388648033142,
    -5.435593128204346,
    -0.7748417258262634,
    -3.6114282608032227,
    -4.511117458343506,
    -3.1942989826202393,
    -4.513583183288574
  ],
  "inp_out_score": [
    -7.0055413246154785,
    -4.0202860832214355,
    -3.4011662006378174,
    0.8640241026878357,
    -6.368930816650391,
    -1.663227915763855,
    -5.203083038330078,
    -3.951115846633911,
    -2.9449362754821777,
    -3.764139413833618
  ],
  "mat_model_path": "data/mnist.mat.xz",
  "device": "cpu",
  "argv_options": [
    "--no-gap",
    "--cpu",
    "--log-file"
  ]
}