{
  "label": 3,
  "gap": -0.8083748030881506,
  "eps": 0.1,
  "verify": {
    "ObjectiveBound": 1e+100,
    "ObjectiveValue": NaN,
    "PredictedIndex": 4,
    "SolveStatus": "InfeasibleOrUnbounded",
    "SolveTime": 160.71859097480774,
    "TotalTime": 171.589672256,
    "robust": true,
    "status_known": true
  },
  "test_acc": 0.9855,
  "adv_out_score": [
    -5.4363861083984375,
    -4.072142601013184,
    -2.7993154525756836,
    -0.6235060095787048,
    -6.062245845794678,
    -2.8589138984680176,
    -6.919036865234375,
    -3.076212167739868,
    -0.6231462359428406,
    -4.440948486328125
  ],
  "adv_out_score_mm": [
    -5.436300754547119,
    -4.072281360626221,
    -2.799067497253418,
    -0.6231963038444519,
    -6.062499523162842,
    -2.858867645263672,
    -6.919157028198242,
    -3.0761349201202393,
    -0.6231995224952698,
    -4.440835475921631
  ],
  "inp_out_score": [
    -6.28777551651001,
    -4.83276891708374,
    -2.9491424560546875,
    2.1881399154663086,
    -7.63254451751709,
    -2.2397403717041016,
    -8.968520164489746,
    -3.223438024520874,
    -1.0142651796340942,
    -3.317218780517578
  ],
  "mat_model_path": "data/mnist.mat.xz",
  "device": "cuda",
  "argv_options": [
    "--log-file"
  ]
}