{
  "label": 8,
  "gap": 0.0,
  "eps": 0.1,
  "verify": {
    "ObjectiveBound": 1e+100,
    "ObjectiveValue": NaN,
    "PredictedIndex": 9,
    "SolveStatus": "InfeasibleOrUnbounded",
    "SolveTime": 3.17604398727417,
    "TotalTime": 14.268963304,
    "robust": true,
    "status_known": true
  },
  "test_acc": 0.9857,
  "adv_out_score": [
    -3.9688541889190674,
    -4.928374290466309,
    -4.928252220153809,
    -4.774296760559082,
    -5.1048407554626465,
    -0.31148138642311096,
    -2.5627126693725586,
    -7.340778827667236,
    -0.3126641511917114,
    -5.603181838989258
  ],
  "adv_out_score_mm": [
    -3.9693119525909424,
    -4.927511215209961,
    -4.928369998931885,
    -4.774937629699707,
    -5.104018688201904,
    -0.3127022087574005,
    -2.562994956970215,
    -7.340717315673828,
    -0.31269824504852295,
    -5.603358745574951
  ],
  "inp_out_score": [
    -4.713135242462158,
    -4.382646083831787,
    -4.314894676208496,
    -5.245578289031982,
    -4.117818832397461,
    -2.4066243171691895,
    -3.344818353652954,
    -7.128283500671387,
    0.8902191519737244,
    -5.519363880157471
  ],
  "mat_model_path": "data/mnist.mat.xz",
  "device": "cuda",
  "argv_options": [
    "--no-gap",
    "--log-file"
  ]
}