{
  "label": 8,
  "gap": -2.081276688754929e-07,
  "eps": 0.1,
  "verify": {
    "ObjectiveBound": 1e+100,
    "ObjectiveValue": NaN,
    "PredictedIndex": 9,
    "SolveStatus": "InfeasibleOrUnbounded",
    "SolveTime": 3.6628878116607666,
    "TotalTime": 14.744274149,
    "robust": true,
    "status_known": true
  },
  "test_acc": 0.9857,
  "adv_out_score": [
    -3.9693105220794678,
    -4.927512168884277,
    -4.928369522094727,
    -4.774938583374023,
    -5.1040215492248535,
    -0.31270018219947815,
    -2.5629923343658447,
    -7.3407158851623535,
    -0.3126983642578125,
    -5.603358745574951
  ],
  "adv_out_score_mm": [
    -3.9693100452423096,
    -4.927511215209961,
    -4.928369998931885,
    -4.774938106536865,
    -5.104020595550537,
    -0.31269994378089905,
    -2.562993288040161,
    -7.340717315673828,
    -0.3127000331878662,
    -5.603358745574951
  ],
  "inp_out_score": [
    -4.713029861450195,
    -4.382702827453613,
    -4.314957618713379,
    -5.245614528656006,
    -4.117904186248779,
    -2.4065449237823486,
    -3.3449182510375977,
    -7.128213405609131,
    0.8903460502624512,
    -5.51928186416626
  ],
  "mat_model_path": "data/mnist.mat.xz",
  "device": "cpu",
  "argv_options": [
    "--cpu",
    "--mm",
    "--log-file"
  ]
}