{
  "label": 8,
  "gap": -2.081276688754929e-07,
  "eps": 0.1,
  "verify": {
    "ObjectiveBound": 1e+100,
    "ObjectiveValue": NaN,
    "PredictedIndex": 9,
    "SolveStatus": "InfeasibleOrUnbounded",
    "SolveTime": 3.1756319999694824,
    "TotalTime": 12.653582569,
    "robust": true,
    "status_known": true
  },
  "test_acc": 0.9857,
  "adv_out_score": [
    -3.9690029621124268,
    -4.927866458892822,
    -4.928229331970215,
    -4.774367332458496,
    -5.104300498962402,
    -0.31145498156547546,
    -2.5625267028808594,
    -7.341121196746826,
    -0.31255799531936646,
    -5.603365421295166
  ],
  "adv_out_score_mm": [
    -3.969311475753784,
    -4.927511215209961,
    -4.928369998931885,
    -4.774938106536865,
    -5.104019641876221,
    -0.31270167231559753,
    -2.5629940032958984,
    -7.340717315673828,
    -0.3126993179321289,
    -5.603357791900635
  ],
  "inp_out_score": [
    -4.713135242462158,
    -4.382646083831787,
    -4.314894676208496,
    -5.245578289031982,
    -4.117818832397461,
    -2.4066243171691895,
    -3.344818353652954,
    -7.128283500671387,
    0.89021897315979,
    -5.519363880157471
  ],
  "mat_model_path": "data/mnist.mat.xz",
  "device": "cuda",
  "argv_options": [
    "--log-file"
  ]
}