{
  "label": 8,
  "gap": -2.081276688754929e-07,
  "eps": 0.1,
  "verify": {
    "ObjectiveBound": 1e+100,
    "ObjectiveValue": NaN,
    "PredictedIndex": 9,
    "SolveStatus": "InfeasibleOrUnbounded",
    "SolveTime": 3.651623010635376,
    "TotalTime": 14.084197983,
    "robust": true,
    "status_known": true
  },
  "test_acc": 0.9857,
  "adv_out_score": [
    -3.9693105220794678,
    -4.927511215209961,
    -4.928369522094727,
    -4.774938106536865,
    -5.104020595550537,
    -0.3127013146877289,
    -2.562993049621582,
    -7.3407158851623535,
    -0.3126997947692871,
    -5.603358745574951
  ],
  "adv_out_score_mm": [
    -3.9693100452423096,
    -4.927510738372803,
    -4.928369522094727,
    -4.774938106536865,
    -5.104021072387695,
    -0.31270065903663635,
    -2.562993049621582,
    -7.34071683883667,
    -0.3127007484436035,
    -5.603358745574951
  ],
  "inp_out_score": [
    -4.713030815124512,
    -4.3827033042907715,
    -4.3149566650390625,
    -5.245614528656006,
    -4.117905139923096,
    -2.406543254852295,
    -3.344919443130493,
    -7.1282124519348145,
    0.8903461694717407,
    -5.51928186416626
  ],
  "mat_model_path": "data/mnist.mat.xz",
  "device": "cuda",
  "argv_options": [
    "--mm",
    "--log-file"
  ]
}