{
  "label": 8,
  "gap": 0.0,
  "eps": 0.1,
  "verify": {
    "ObjectiveBound": 1e+100,
    "ObjectiveValue": NaN,
    "PredictedIndex": 9,
    "SolveStatus": "InfeasibleOrUnbounded",
    "SolveTime": 3.0054080486297607,
    "TotalTime": 12.582370546,
    "robust": true,
    "status_known": true
  },
  "test_acc": 0.9857,
  "adv_out_score": [
    -3.9693095684051514,
    -4.927510738372803,
    -4.928369522094727,
    -4.774938583374023,
    -5.104020595550537,
    -0.3127000629901886,
    -2.562993049621582,
    -7.34071683883667,
    -0.31270039081573486,
    -5.603358268737793
  ],
  "adv_out_score_mm": [
    -3.9693105220794678,
    -4.927510738372803,
    -4.928369045257568,
    -4.774938106536865,
    -5.104021072387695,
    -0.31270191073417664,
    -2.562992572784424,
    -7.34071683883667,
    -0.31269919872283936,
    -5.603359222412109
  ],
  "inp_out_score": [
    -4.713030815124512,
    -4.3827033042907715,
    -4.3149566650390625,
    -5.245614528656006,
    -4.117905139923096,
    -2.406543254852295,
    -3.344919443130493,
    -7.1282124519348145,
    0.890346348285675,
    -5.51928186416626
  ],
  "mat_model_path": "data/mnist.mat.xz",
  "device": "cuda",
  "argv_options": [
    "--no-gap",
    "--stable",
    "--log-file"
  ]
}