{
  "label": 9,
  "gap": -0.09270705339313404,
  "eps": 0.1,
  "verify": {
    "ObjectiveBound": 1e+100,
    "ObjectiveValue": NaN,
    "PredictedIndex": 10,
    "SolveStatus": "InfeasibleOrUnbounded",
    "SolveTime": 67.45259284973145,
    "TotalTime": 77.273178449,
    "robust": true,
    "status_known": true
  },
  "test_acc": 0.9858,
  "adv_out_score": [
    -3.663249969482422,
    -7.180805683135986,
    -4.3435139656066895,
    -3.96042799949646,
    -4.103409290313721,
    -7.077314853668213,
    -7.226653099060059,
    0.2483902871608734,
    -2.68597412109375,
    0.24589766561985016
  ],
  "adv_out_score_mm": [
    -3.661972761154175,
    -7.182003021240234,
    -4.343916416168213,
    -3.9586637020111084,
    -4.104360103607178,
    -7.075376987457275,
    -7.225341320037842,
    0.24629172682762146,
    -2.684507131576538,
    0.24629400670528412
  ],
  "inp_out_score": [
    -3.6114611625671387,
    -9.063919067382812,
    -5.034643173217773,
    -4.141276836395264,
    -3.553203821182251,
    -6.465031147003174,
    -6.547896862030029,
    -1.4505094289779663,
    -1.738576889038086,
    2.4046871662139893
  ],
  "mat_model_path": "data/mnist.mat.xz",
  "device": "cuda",
  "argv_options": [
    "--log-file"
  ]
}