{
  "label": 4,
  "gap": -1.8453491926193237,
  "eps": 0.1,
  "verify": {
    "ObjectiveBound": 1e+100,
    "ObjectiveValue": NaN,
    "PredictedIndex": 5,
    "SolveStatus": "InfeasibleOrUnbounded",
    "SolveTime": 17.089119911193848,
    "TotalTime": 28.523020151,
    "robust": true,
    "status_known": true
  },
  "test_acc": 0.9814,
  "adv_out_score": [
    -5.965217113494873,
    -6.509228706359863,
    -5.800271987915039,
    -5.90407657623291,
    0.1862502098083496,
    -6.92210054397583,
    -4.675552845001221,
    -5.633474826812744,
    0.1885339766740799,
    -3.0572993755340576
  ],
  "adv_out_score_mm": [
    -5.965478897094727,
    -6.50813102722168,
    -5.800490379333496,
    -5.90502405166626,
    0.18769073486328125,
    -6.923012733459473,
    -4.675355911254883,
    -5.632776737213135,
    0.18768830597400665,
    -3.0581936836242676
  ],
  "inp_out_score": [
    -6.826140880584717,
    -5.898885726928711,
    -6.273480415344238,
    -7.153805255889893,
    2.777076005935669,
    -8.687385559082031,
    -5.400299549102783,
    -5.063263416290283,
    -2.0111114978790283,
    -3.2682008743286133
  ],
  "mat_model_path": "data/mnist.mat.xz",
  "device": "cuda",
  "argv_options": [
    "--log-file"
  ]
}