{
  "label": 1,
  "gap": 0.0,
  "eps": 0.1,
  "verify": {
    "ObjectiveBound": 1e+100,
    "ObjectiveValue": NaN,
    "PredictedIndex": 2,
    "SolveStatus": "InfeasibleOrUnbounded",
    "SolveTime": 120.27316880226135,
    "TotalTime": 131.289609474,
    "robust": true,
    "status_known": true
  },
  "test_acc": 0.9857,
  "adv_out_score": [
    -8.199520111083984,
    -1.3522179126739502,
    -5.062321662902832,
    -2.5646748542785645,
    -4.393093109130859,
    -1.3512150049209595,
    -5.475539207458496,
    -5.484897613525391,
    -2.6506683826446533,
    -3.002340078353882
  ],
  "adv_out_score_mm": [
    -8.199810028076172,
    -1.351720929145813,
    -5.0622687339782715,
    -2.564919948577881,
    -4.392640590667725,
    -1.351728081703186,
    -5.475679397583008,
    -5.484725475311279,
    -2.650944709777832,
    -3.0026614665985107
  ],
  "inp_out_score": [
    -8.584280967712402,
    0.498532772064209,
    -4.082916736602783,
    -3.0555317401885986,
    -4.047410488128662,
    -3.126926898956299,
    -5.595399379730225,
    -5.020689964294434,
    -3.106971502304077,
    -3.880833864212036
  ],
  "mat_model_path": "data/mnist.mat.xz",
  "device": "cuda",
  "argv_options": [
    "--no-gap",
    "--log-file"
  ]
}