{
  "label": 1,
  "gap": -7.865661580616019e-07,
  "eps": 0.1,
  "verify": {
    "ObjectiveBound": 1e+100,
    "ObjectiveValue": NaN,
    "PredictedIndex": 2,
    "SolveStatus": "InfeasibleOrUnbounded",
    "SolveTime": 68.69905495643616,
    "TotalTime": 78.244521593,
    "robust": true,
    "status_known": true
  },
  "test_acc": 0.9857,
  "adv_out_score": [
    -8.19944953918457,
    -1.3523261547088623,
    -5.062386512756348,
    -2.5644474029541016,
    -4.393319129943848,
    -1.3510433435440063,
    -5.475602626800537,
    -5.48498010635376,
    -2.6505286693573,
    -3.0021698474884033
  ],
  "adv_out_score_mm": [
    -8.199810028076172,
    -1.3517224788665771,
    -5.062270164489746,
    -2.564919948577881,
    -4.392641067504883,
    -1.3517264127731323,
    -5.475680351257324,
    -5.484724521636963,
    -2.6509456634521484,
    -3.0026609897613525
  ],
  "inp_out_score": [
    -8.584280967712402,
    0.4985319972038269,
    -4.082916736602783,
    -3.0555317401885986,
    -4.047410488128662,
    -3.126926898956299,
    -5.595399379730225,
    -5.020689964294434,
    -3.106971502304077,
    -3.880833864212036
  ],
  "mat_model_path": "data/mnist.mat.xz",
  "device": "cuda",
  "argv_options": [
    "--log-file"
  ]
}