{
  "label": 1,
  "gap": -7.865661580616019e-07,
  "eps": 0.1,
  "verify": {
    "ObjectiveBound": 1e+100,
    "ObjectiveValue": NaN,
    "PredictedIndex": 2,
    "SolveStatus": "InfeasibleOrUnbounded",
    "SolveTime": 76.3109381198883,
    "TotalTime": 87.8483285,
    "robust": true,
    "status_known": true
  },
  "test_acc": 0.9857,
  "adv_out_score": [
    -8.199810028076172,
    -1.351725459098816,
    -5.062270164489746,
    -2.5649187564849854,
    -4.392641544342041,
    -1.3517245054244995,
    -5.475679874420166,
    -5.484725475311279,
    -2.6509456634521484,
    -3.0026612281799316
  ],
  "adv_out_score_mm": [
    -8.199809074401855,
    -1.3517241477966309,
    -5.062269687652588,
    -2.564918279647827,
    -4.392642021179199,
    -1.3517261743545532,
    -5.475679397583008,
    -5.484725475311279,
    -2.6509459018707275,
    -3.0026614665985107
  ],
  "inp_out_score": [
    -8.584452629089355,
    0.4987982213497162,
    -4.082796096801758,
    -3.0556929111480713,
    -4.047163009643555,
    -3.127054452896118,
    -5.595328330993652,
    -5.020589351654053,
    -3.1071441173553467,
    -3.8809468746185303
  ],
  "mat_model_path": "data/mnist.mat.xz",
  "device": "cuda",
  "argv_options": [
    "--stable",
    "--log-file"
  ]
}