{
  "label": 1,
  "gap": 0.0,
  "eps": 0.1,
  "verify": {
    "ObjectiveBound": 1e+100,
    "ObjectiveValue": NaN,
    "PredictedIndex": 2,
    "SolveStatus": "InfeasibleOrUnbounded",
    "SolveTime": 123.22982382774353,
    "TotalTime": 133.978019565,
    "robust": true,
    "status_known": true
  },
  "test_acc": 0.9857,
  "adv_out_score": [
    -8.199810028076172,
    -1.3517241477966309,
    -5.06226921081543,
    -2.5649192333221436,
    -4.392641067504883,
    -1.3517240285873413,
    -5.475680828094482,
    -5.484724998474121,
    -2.6509451866149902,
    -3.0026605129241943
  ],
  "adv_out_score_mm": [
    -8.199809074401855,
    -1.3517228364944458,
    -5.062270641326904,
    -2.564918279647827,
    -4.392641544342041,
    -1.351725459098816,
    -5.475680351257324,
    -5.484724998474121,
    -2.6509456634521484,
    -3.0026612281799316
  ],
  "inp_out_score": [
    -8.584452629089355,
    0.49879899621009827,
    -4.082796096801758,
    -3.0556929111480713,
    -4.047163009643555,
    -3.127054452896118,
    -5.595328330993652,
    -5.020589351654053,
    -3.1071441173553467,
    -3.8809468746185303
  ],
  "mat_model_path": "data/mnist.mat.xz",
  "device": "cuda",
  "argv_options": [
    "--no-gap",
    "--stable",
    "--log-file"
  ]
}