{
  "label": 1,
  "gap": -7.865661580616019e-07,
  "eps": 0.1,
  "verify": {
    "ObjectiveBound": 1e+100,
    "ObjectiveValue": NaN,
    "PredictedIndex": 2,
    "SolveStatus": "InfeasibleOrUnbounded",
    "SolveTime": 79.19402599334717,
    "TotalTime": 90.508244349,
    "robust": true,
    "status_known": true
  },
  "test_acc": 0.9857,
  "adv_out_score": [
    -8.199810981750488,
    -1.3517240285873413,
    -5.062270164489746,
    -2.5649185180664062,
    -4.392641067504883,
    -1.351725697517395,
    -5.475679874420166,
    -5.484725475311279,
    -2.6509456634521484,
    -3.0026609897613525
  ],
  "adv_out_score_mm": [
    -8.199810028076172,
    -1.3517249822616577,
    -5.062269687652588,
    -2.564918279647827,
    -4.392642021179199,
    -1.3517247438430786,
    -5.475680351257324,
    -5.484724521636963,
    -2.6509463787078857,
    -3.0026609897613525
  ],
  "inp_out_score": [
    -8.584452629089355,
    0.4987982213497162,
    -4.082796096801758,
    -3.0556929111480713,
    -4.047163009643555,
    -3.127054452896118,
    -5.595328330993652,
    -5.020589351654053,
    -3.1071441173553467,
    -3.8809468746185303
  ],
  "mat_model_path": "data/mnist.mat.xz",
  "device": "cuda",
  "argv_options": [
    "--mm",
    "--log-file"
  ]
}