{
  "label": 9,
  "gap": -2.680255589217079e-06,
  "eps": 0.1,
  "verify": {
    "ObjectiveBound": 1e+100,
    "ObjectiveValue": NaN,
    "PredictedIndex": 10,
    "SolveStatus": "InfeasibleOrUnbounded",
    "SolveTime": 208.92700099945068,
    "TotalTime": 224.46374137,
    "robust": true,
    "status_known": true
  },
  "test_acc": 0.9857,
  "adv_out_score": [
    -7.817962169647217,
    -8.04751205444336,
    -6.811297416687012,
    -4.622665882110596,
    1.163568139076233,
    -5.047143459320068,
    -7.892805099487305,
    -1.2343356609344482,
    -4.462810516357422,
    1.1620984077453613
  ],
  "adv_out_score_mm": [
    -7.81765604019165,
    -8.048141479492188,
    -6.811023235321045,
    -4.622147560119629,
    1.162763237953186,
    -5.046713829040527,
    -7.89277458190918,
    -1.2342089414596558,
    -4.4626312255859375,
    1.162765383720398
  ],
  "inp_out_score": [
    -6.8165812492370605,
    -8.383443832397461,
    -6.066604137420654,
    -3.262531042098999,
    -1.0728027820587158,
    -3.8270938396453857,
    -8.080816268920898,
    -1.224545955657959,
    -4.170871257781982,
    2.6526899337768555
  ],
  "mat_model_path": "data/mnist.mat.xz",
  "device": "cuda",
  "argv_options": [
    "--log-file"
  ]
}