{
  "label": 9,
  "gap": -2.680255589217079e-06,
  "eps": 0.1,
  "verify": {
    "ObjectiveBound": 1e+100,
    "ObjectiveValue": NaN,
    "PredictedIndex": 10,
    "SolveStatus": "InfeasibleOrUnbounded",
    "SolveTime": 199.57085013389587,
    "TotalTime": 210.219349972,
    "robust": true,
    "status_known": true
  },
  "test_acc": 0.9857,
  "adv_out_score": [
    -7.817657470703125,
    -8.048141479492188,
    -6.811023712158203,
    -4.622147083282471,
    1.1627625226974487,
    -5.046713352203369,
    -7.89277458190918,
    -1.2342088222503662,
    -4.462631702423096,
    1.162765622138977
  ],
  "adv_out_score_mm": [
    -7.817656517028809,
    -8.048141479492188,
    -6.811024188995361,
    -4.622146129608154,
    1.1627641916275024,
    -5.046713352203369,
    -7.89277458190918,
    -1.2342087030410767,
    -4.462632179260254,
    1.1627637147903442
  ],
  "inp_out_score": [
    -6.816629886627197,
    -8.383343696594238,
    -6.066745281219482,
    -3.262606382369995,
    -1.0726345777511597,
    -3.827202081680298,
    -8.080900192260742,
    -1.2246640920639038,
    -4.170764923095703,
    2.652566432952881
  ],
  "mat_model_path": "data/mnist.mat.xz",
  "device": "cpu",
  "argv_options": [
    "--cpu",
    "--mm",
    "--log-file"
  ]
}