{
  "label": 9,
  "gap": 0.0,
  "eps": 0.1,
  "verify": {
    "ObjectiveBound": 1e+100,
    "ObjectiveValue": NaN,
    "PredictedIndex": 10,
    "SolveStatus": "InfeasibleOrUnbounded",
    "SolveTime": 223.06770706176758,
    "TotalTime": 234.623812985,
    "robust": true,
    "status_known": true
  },
  "test_acc": 0.9857,
  "adv_out_score": [
    -7.8177924156188965,
    -8.047408103942871,
    -6.810970306396484,
    -4.622644901275635,
    1.1634387969970703,
    -5.047216415405273,
    -7.892735481262207,
    -1.2339662313461304,
    -4.463040351867676,
    1.16221284866333
  ],
  "adv_out_score_mm": [
    -7.81765604019165,
    -8.048142433166504,
    -6.811023235321045,
    -4.622147560119629,
    1.1627622842788696,
    -5.046712398529053,
    -7.892772674560547,
    -1.2342095375061035,
    -4.4626312255859375,
    1.1627687215805054
  ],
  "inp_out_score": [
    -6.8165812492370605,
    -8.383443832397461,
    -6.066604137420654,
    -3.262531042098999,
    -1.0728027820587158,
    -3.8270938396453857,
    -8.080816268920898,
    -1.224545955657959,
    -4.170871257781982,
    2.6526927947998047
  ],
  "mat_model_path": "data/mnist.mat.xz",
  "device": "cuda",
  "argv_options": [
    "--no-gap",
    "--log-file"
  ]
}