{
  "label": 3,
  "gap": 0.0,
  "eps": 0.1,
  "verify": {
    "ObjectiveBound": 1e+100,
    "ObjectiveValue": NaN,
    "PredictedIndex": 4,
    "SolveStatus": "InfeasibleOrUnbounded",
    "SolveTime": 131.03035593032837,
    "TotalTime": 141.903994379,
    "robust": true,
    "status_known": true
  },
  "test_acc": 0.9857,
  "adv_out_score": [
    -6.350340366363525,
    -5.588675498962402,
    -6.094511985778809,
    2.1591382026672363,
    -6.134164810180664,
    2.1598448753356934,
    -6.333104133605957,
    -6.684926509857178,
    -1.1148719787597656,
    -3.891141891479492
  ],
  "adv_out_score_mm": [
    -6.349936485290527,
    -5.58875036239624,
    -6.094285488128662,
    2.159639835357666,
    -6.134708881378174,
    2.1596357822418213,
    -6.332520484924316,
    -6.6850056648254395,
    -1.1149317026138306,
    -3.8913183212280273
  ],
  "inp_out_score": [
    -6.516386985778809,
    -6.1453962326049805,
    -5.586489677429199,
    4.213449954986572,
    -6.6040167808532715,
    0.702513575553894,
    -7.485834121704102,
    -5.3671088218688965,
    -1.2324005365371704,
    -3.9971888065338135
  ],
  "mat_model_path": "data/mnist.mat.xz",
  "device": "cuda",
  "argv_options": [
    "--no-gap",
    "--log-file"
  ]
}