{
  "label": 3,
  "gap": -7.943013895155949e-07,
  "eps": 0.1,
  "verify": {
    "ObjectiveBound": 1e+100,
    "ObjectiveValue": NaN,
    "PredictedIndex": 4,
    "SolveStatus": "InfeasibleOrUnbounded",
    "SolveTime": 132.41394591331482,
    "TotalTime": 144.516632603,
    "robust": true,
    "status_known": true
  },
  "test_acc": 0.9857,
  "adv_out_score": [
    -6.350273609161377,
    -5.588775634765625,
    -6.094625473022461,
    2.1593618392944336,
    -6.1342668533325195,
    2.160003423690796,
    -6.332815170288086,
    -6.685031414031982,
    -1.1148804426193237,
    -3.8911445140838623
  ],
  "adv_out_score_mm": [
    -6.3499369621276855,
    -5.588749408721924,
    -6.0942864418029785,
    2.1596384048461914,
    -6.134709358215332,
    2.1596360206604004,
    -6.332520961761475,
    -6.685007095336914,
    -1.1149320602416992,
    -3.8913187980651855
  ],
  "inp_out_score": [
    -6.516386985778809,
    -6.1453962326049805,
    -5.586489677429199,
    4.213449478149414,
    -6.6040167808532715,
    0.702513575553894,
    -7.485834121704102,
    -5.3671088218688965,
    -1.2324005365371704,
    -3.9971888065338135
  ],
  "mat_model_path": "data/mnist.mat.xz",
  "device": "cuda",
  "argv_options": [
    "--log-file"
  ]
}