{
  "label": 7,
  "gap": 0.0,
  "eps": 0.1,
  "verify": {
    "ObjectiveBound": 1e+100,
    "ObjectiveValue": NaN,
    "PredictedIndex": 8,
    "SolveStatus": "InfeasibleOrUnbounded",
    "SolveTime": 23.952819108963013,
    "TotalTime": 34.178817204,
    "robust": true,
    "status_known": true
  },
  "test_acc": 0.9857,
  "adv_out_score": [
    -4.97774076461792,
    -7.592188358306885,
    0.7511600255966187,
    -1.2342641353607178,
    -7.238871097564697,
    -9.36927318572998,
    -8.33243179321289,
    0.7504713535308838,
    -2.2361183166503906,
    -2.1898322105407715
  ],
  "adv_out_score_mm": [
    -4.977883815765381,
    -7.592129230499268,
    0.7507911920547485,
    -1.2345482110977173,
    -7.238683223724365,
    -9.369388580322266,
    -8.332666397094727,
    0.7507929801940918,
    -2.2363345623016357,
    -2.189786195755005
  ],
  "inp_out_score": [
    -5.691023349761963,
    -7.453348159790039,
    -0.4629390239715576,
    -0.9066787362098694,
    -6.655110836029053,
    -9.460030555725098,
    -9.289237976074219,
    2.040395975112915,
    -2.6574366092681885,
    -2.0290486812591553
  ],
  "mat_model_path": "data/mnist.mat.xz",
  "device": "cuda",
  "argv_options": [
    "--no-gap",
    "--log-file"
  ]
}