{
  "label": 7,
  "gap": 0.0,
  "eps": 0.1,
  "verify": {
    "ObjectiveBound": 1e+100,
    "ObjectiveValue": NaN,
    "PredictedIndex": 8,
    "SolveStatus": "InfeasibleOrUnbounded",
    "SolveTime": 38.24178600311279,
    "TotalTime": 51.790745255,
    "robust": true,
    "status_known": true
  },
  "test_acc": 0.9857,
  "adv_out_score": [
    -4.9778828620910645,
    -7.592130661010742,
    0.7507925033569336,
    -1.2345476150512695,
    -7.238684177398682,
    -9.369386672973633,
    -8.332666397094727,
    0.7507921457290649,
    -2.2363357543945312,
    -2.189786195755005
  ],
  "adv_out_score_mm": [
    -4.977883815765381,
    -7.592130184173584,
    0.7507913112640381,
    -1.2345478534698486,
    -7.238682270050049,
    -9.36938762664795,
    -8.33266544342041,
    0.7507938146591187,
    -2.2363364696502686,
    -2.189786672592163
  ],
  "inp_out_score": [
    -5.691033363342285,
    -7.4533491134643555,
    -0.4629245400428772,
    -0.9066076874732971,
    -6.655124664306641,
    -9.460111618041992,
    -9.289548873901367,
    2.040364980697632,
    -2.6573901176452637,
    -2.028932571411133
  ],
  "mat_model_path": "data/mnist.mat.xz",
  "device": "cpu",
  "argv_options": [
    "--no-gap",
    "--cpu",
    "--log-file"
  ]
}