{
  "label": 7,
  "gap": 0.0,
  "eps": 0.1,
  "verify": {
    "ObjectiveBound": 1e+100,
    "ObjectiveValue": NaN,
    "PredictedIndex": 8,
    "SolveStatus": "InfeasibleOrUnbounded",
    "SolveTime": 23.30278706550598,
    "TotalTime": 33.363914201,
    "robust": true,
    "status_known": true
  },
  "test_acc": 0.9857,
  "adv_out_score": [
    -4.977883815765381,
    -7.592129230499268,
    0.7507913112640381,
    -1.2345476150512695,
    -7.238683700561523,
    -9.36938762664795,
    -8.332667350769043,
    0.7507927417755127,
    -2.2363343238830566,
    -2.189786434173584
  ],
  "adv_out_score_mm": [
    -4.977883338928223,
    -7.5921311378479,
    0.7507919073104858,
    -1.23454749584198,
    -7.238683223724365,
    -9.36938762664795,
    -8.332667350769043,
    0.7507917881011963,
    -2.2363345623016357,
    -2.189785957336426
  ],
  "inp_out_score": [
    -5.691035270690918,
    -7.4533491134643555,
    -0.4629247188568115,
    -0.9066075682640076,
    -6.655124187469482,
    -9.460110664367676,
    -9.289549827575684,
    2.0403647422790527,
    -2.657390594482422,
    -2.0289318561553955
  ],
  "mat_model_path": "data/mnist.mat.xz",
  "device": "cuda",
  "argv_options": [
    "--no-gap",
    "--mm",
    "--log-file"
  ]
}