{
  "label": 7,
  "gap": -1.022442080828036e-07,
  "eps": 0.1,
  "verify": {
    "ObjectiveBound": 1e+100,
    "ObjectiveValue": NaN,
    "PredictedIndex": 8,
    "SolveStatus": "InfeasibleOrUnbounded",
    "SolveTime": 26.597906827926636,
    "TotalTime": 37.262855287,
    "robust": true,
    "status_known": true
  },
  "test_acc": 0.9857,
  "adv_out_score": [
    -4.977883815765381,
    -7.592130661010742,
    0.7507925033569336,
    -1.2345471382141113,
    -7.238685607910156,
    -9.369386672973633,
    -8.33266544342041,
    0.7507921457290649,
    -2.236335515975952,
    -2.189785957336426
  ],
  "adv_out_score_mm": [
    -4.977884292602539,
    -7.592130661010742,
    0.7507919073104858,
    -1.2345476150512695,
    -7.238683223724365,
    -9.369386672973633,
    -8.33266544342041,
    0.7507935762405396,
    -2.236335277557373,
    -2.189786195755005
  ],
  "inp_out_score": [
    -5.691033363342285,
    -7.4533491134643555,
    -0.4629245400428772,
    -0.9066076874732971,
    -6.655124664306641,
    -9.460111618041992,
    -9.289548873901367,
    2.0403647422790527,
    -2.6573901176452637,
    -2.028932571411133
  ],
  "mat_model_path": "data/mnist.mat.xz",
  "device": "cpu",
  "argv_options": [
    "--cpu",
    "--log-file"
  ]
}