{
  "label": 7,
  "gap": 0.0,
  "eps": 0.1,
  "verify": {
    "ObjectiveBound": 1e+100,
    "ObjectiveValue": NaN,
    "PredictedIndex": 8,
    "SolveStatus": "InfeasibleOrUnbounded",
    "SolveTime": 19.966989994049072,
    "TotalTime": 29.771889095,
    "robust": true,
    "status_known": true
  },
  "test_acc": 0.9857,
  "adv_out_score": [
    -4.977883815765381,
    -7.592129707336426,
    0.7507917881011963,
    -1.2345478534698486,
    -7.238683700561523,
    -9.36938762664795,
    -8.33266544342041,
    0.7507915496826172,
    -2.2363343238830566,
    -2.1897852420806885
  ],
  "adv_out_score_mm": [
    -4.977883815765381,
    -7.592129707336426,
    0.7507915496826172,
    -1.2345480918884277,
    -7.238684177398682,
    -9.36938762664795,
    -8.33266544342041,
    0.7507929801940918,
    -2.236334800720215,
    -2.1897852420806885
  ],
  "inp_out_score": [
    -5.691035270690918,
    -7.4533491134643555,
    -0.4629247188568115,
    -0.9066075682640076,
    -6.655124187469482,
    -9.460110664367676,
    -9.289549827575684,
    2.0403647422790527,
    -2.657390594482422,
    -2.0289318561553955
  ],
  "mat_model_path": "data/mnist.mat.xz",
  "device": "cuda",
  "argv_options": [
    "--no-gap",
    "--stable",
    "--log-file"
  ]
}