{
  "label": 7,
  "gap": -1.022442080828036e-07,
  "eps": 0.1,
  "verify": {
    "ObjectiveBound": 1e+100,
    "ObjectiveValue": NaN,
    "PredictedIndex": 8,
    "SolveStatus": "InfeasibleOrUnbounded",
    "SolveTime": 31.21636700630188,
    "TotalTime": 41.313613385,
    "robust": true,
    "status_known": true
  },
  "test_acc": 0.9857,
  "adv_out_score": [
    -4.9776411056518555,
    -7.592413902282715,
    0.750985860824585,
    -1.2341787815093994,
    -7.23892879486084,
    -9.369102478027344,
    -8.332284927368164,
    0.7502385377883911,
    -2.2358903884887695,
    -2.189814329147339
  ],
  "adv_out_score_mm": [
    -4.977883815765381,
    -7.5921311378479,
    0.7507908344268799,
    -1.234547734260559,
    -7.238683700561523,
    -9.36938762664795,
    -8.332666397094727,
    0.7507933378219604,
    -2.236334800720215,
    -2.1897854804992676
  ],
  "inp_out_score": [
    -5.691023349761963,
    -7.453348159790039,
    -0.4629390239715576,
    -0.9066787362098694,
    -6.655110836029053,
    -9.460030555725098,
    -9.289237976074219,
    2.040395975112915,
    -2.6574366092681885,
    -2.0290486812591553
  ],
  "mat_model_path": "data/mnist.mat.xz",
  "device": "cuda",
  "argv_options": [
    "--log-file"
  ]
}