{
  "label": 7,
  "gap": 0.0,
  "eps": 0.1,
  "verify": {
    "ObjectiveBound": 1e+100,
    "ObjectiveValue": NaN,
    "PredictedIndex": 8,
    "SolveStatus": "InfeasibleOrUnbounded",
    "SolveTime": 22.772069931030273,
    "TotalTime": 32.683193955,
    "robust": true,
    "status_known": true
  },
  "test_acc": 0.9857,
  "adv_out_score": [
    -4.977884292602539,
    -7.592131614685059,
    0.7507922649383545,
    -1.23454749584198,
    -7.23868465423584,
    -9.369386672973633,
    -8.332666397094727,
    0.7507936954498291,
    -2.236335039138794,
    -2.189786434173584
  ],
  "adv_out_score_mm": [
    -4.977884292602539,
    -7.592130661010742,
    0.7507933378219604,
    -1.2345471382141113,
    -7.238682746887207,
    -9.369386672973633,
    -8.332666397094727,
    0.7507929801940918,
    -2.236335277557373,
    -2.189786195755005
  ],
  "inp_out_score": [
    -5.691033363342285,
    -7.4533491134643555,
    -0.4629245400428772,
    -0.9066076874732971,
    -6.655124664306641,
    -9.460111618041992,
    -9.289548873901367,
    2.040364980697632,
    -2.6573901176452637,
    -2.028932571411133
  ],
  "mat_model_path": "data/mnist.mat.xz",
  "device": "cpu",
  "argv_options": [
    "--no-gap",
    "--cpu",
    "--mm",
    "--log-file"
  ]
}