{
  "label": 3,
  "gap": -0.48362446971144474,
  "eps": 0.1,
  "verify": {
    "ObjectiveBound": 1e+100,
    "ObjectiveValue": NaN,
    "PredictedIndex": 4,
    "SolveStatus": "InfeasibleOrUnbounded",
    "SolveTime": 237.75775504112244,
    "TotalTime": 249.949238277,
    "robust": true,
    "status_known": true
  },
  "test_acc": 0.9853,
  "adv_out_score": [
    -5.449924945831299,
    -5.131924629211426,
    -4.625362396240234,
    1.3158965110778809,
    -6.7894110679626465,
    1.3162790536880493,
    -6.4517974853515625,
    -5.416805267333984,
    -2.1987524032592773,
    -2.9297900199890137
  ],
  "adv_out_score_mm": [
    -5.450100898742676,
    -5.131800174713135,
    -4.625489234924316,
    1.3160653114318848,
    -6.7893967628479,
    1.3160616159439087,
    -6.452054977416992,
    -5.416842937469482,
    -2.1989121437072754,
    -2.929880142211914
  ],
  "inp_out_score": [
    -5.520020961761475,
    -4.523486614227295,
    -3.940480947494507,
    2.6978566646575928,
    -7.183456897735596,
    -0.2742389738559723,
    -8.162787437438965,
    -5.892248630523682,
    -1.9015648365020752,
    -2.4334378242492676
  ],
  "mat_model_path": "data/mnist.mat.xz",
  "device": "cuda",
  "argv_options": [
    "--log-file"
  ]
}