{
  "label": 1,
  "gap": 0.0,
  "eps": 0.00784313725490196,
  "verify": {
    "ObjectiveBound": 1e+100,
    "ObjectiveValue": NaN,
    "PredictedIndex": 2,
    "SolveStatus": "InfeasibleOrUnbounded",
    "SolveTime": 41.20757794380188,
    "TotalTime": 60.257431513,
    "robust": true,
    "status_known": true
  },
  "test_acc": 0.5874,
  "adv_out_score": [
    -1.1415460109710693,
    -0.49285629391670227,
    -1.7738062143325806,
    -0.4926217198371887,
    -2.013538360595703,
    -1.6513216495513916,
    -1.4537432193756104,
    -2.9877872467041016,
    -2.9096364974975586,
    -2.4565463066101074
  ],
  "adv_out_score_mm": [
    -1.1415014266967773,
    -0.49266842007637024,
    -1.7738722562789917,
    -0.4926711916923523,
    -2.0136241912841797,
    -1.6513679027557373,
    -1.453822135925293,
    -2.987809181213379,
    -2.909599781036377,
    -2.4564294815063477
  ],
  "inp_out_score": [
    -1.0162503719329834,
    0.10558237880468369,
    -2.0523831844329834,
    -0.7083691358566284,
    -2.1922061443328857,
    -1.878706455230713,
    -1.584955096244812,
    -3.1594181060791016,
    -2.7241945266723633,
    -2.127397060394287
  ],
  "mat_model_path": "data/cifar10.mat.xz",
  "device": "cuda",
  "argv_options": [
    "--no-gap",
    "--log-file"
  ]
}