{
  "label": 1,
  "gap": -2.649797171958936e-07,
  "eps": 0.00784313725490196,
  "verify": {
    "ObjectiveBound": 1e+100,
    "ObjectiveValue": NaN,
    "PredictedIndex": 2,
    "SolveStatus": "InfeasibleOrUnbounded",
    "SolveTime": 43.82795000076294,
    "TotalTime": 65.078666992,
    "robust": true,
    "status_known": true
  },
  "test_acc": 0.5874,
  "adv_out_score": [
    -1.1415016651153564,
    -0.49267083406448364,
    -1.7738711833953857,
    -0.49266988039016724,
    -2.0136239528656006,
    -1.6513677835464478,
    -1.4538207054138184,
    -2.9878101348876953,
    -2.9096007347106934,
    -2.456430196762085
  ],
  "adv_out_score_mm": [
    -1.1415022611618042,
    -0.49266988039016724,
    -1.773871898651123,
    -0.49267178773880005,
    -2.0136237144470215,
    -1.6513686180114746,
    -1.4538224935531616,
    -2.9878106117248535,
    -2.909599781036377,
    -2.456429958343506
  ],
  "inp_out_score": [
    -1.0162748098373413,
    0.10552974790334702,
    -2.0523557662963867,
    -0.7083469033241272,
    -2.1921868324279785,
    -1.8786976337432861,
    -1.5849424600601196,
    -3.1594338417053223,
    -2.7241687774658203,
    -2.1273975372314453
  ],
  "mat_model_path": "data/cifar10.mat.xz",
  "device": "cpu",
  "argv_options": [
    "--cpu",
    "--log-file"
  ]
}