{
  "label": 1,
  "gap": 0.0,
  "eps": 0.00784313725490196,
  "verify": {
    "ObjectiveBound": 1e+100,
    "ObjectiveValue": NaN,
    "PredictedIndex": 2,
    "SolveStatus": "InfeasibleOrUnbounded",
    "SolveTime": 44.75471091270447,
    "TotalTime": 66.770483669,
    "robust": true,
    "status_known": true
  },
  "test_acc": 0.5874,
  "adv_out_score": [
    -1.141501545906067,
    -0.4926706850528717,
    -1.7738713026046753,
    -0.4926702380180359,
    -2.0136237144470215,
    -1.6513681411743164,
    -1.453821063041687,
    -2.987809658050537,
    -2.9096007347106934,
    -2.456430435180664
  ],
  "adv_out_score_mm": [
    -1.1415023803710938,
    -0.4926697313785553,
    -1.7738715410232544,
    -0.4926714301109314,
    -2.0136232376098633,
    -1.6513683795928955,
    -1.4538220167160034,
    -2.987809658050537,
    -2.909599781036377,
    -2.456429958343506
  ],
  "inp_out_score": [
    -1.0162748098373413,
    0.1055300161242485,
    -2.0523557662963867,
    -0.7083469033241272,
    -2.1921868324279785,
    -1.8786976337432861,
    -1.5849424600601196,
    -3.1594338417053223,
    -2.7241687774658203,
    -2.1273975372314453
  ],
  "mat_model_path": "data/cifar10.mat.xz",
  "device": "cpu",
  "argv_options": [
    "--no-gap",
    "--cpu",
    "--log-file"
  ]
}