{
  "label": 1,
  "gap": -2.649797171958936e-07,
  "eps": 0.00784313725490196,
  "verify": {
    "ObjectiveBound": 1e+100,
    "ObjectiveValue": NaN,
    "PredictedIndex": 2,
    "SolveStatus": "InfeasibleOrUnbounded",
    "SolveTime": 43.01007080078125,
    "TotalTime": 61.162084719,
    "robust": true,
    "status_known": true
  },
  "test_acc": 0.5874,
  "adv_out_score": [
    -1.1415019035339355,
    -0.49266839027404785,
    -1.7738720178604126,
    -0.49267083406448364,
    -2.013624429702759,
    -1.6513677835464478,
    -1.4538215398788452,
    -2.987809181213379,
    -2.909600257873535,
    -2.4564294815063477
  ],
  "adv_out_score_mm": [
    -1.1415022611618042,
    -0.4926714301109314,
    -1.7738713026046753,
    -0.49267083406448364,
    -2.0136232376098633,
    -1.651368260383606,
    -1.4538217782974243,
    -2.987809181213379,
    -2.9096009731292725,
    -2.456430673599243
  ],
  "inp_out_score": [
    -1.0162748098373413,
    0.10552974790334702,
    -2.0523557662963867,
    -0.7083469033241272,
    -2.1921868324279785,
    -1.8786976337432861,
    -1.5849424600601196,
    -3.1594338417053223,
    -2.7241687774658203,
    -2.1273975372314453
  ],
  "mat_model_path": "data/cifar10.mat.xz",
  "device": "cpu",
  "argv_options": [
    "--cpu",
    "--mm",
    "--log-file"
  ]
}