{
  "label": 1,
  "gap": -2.649797171958936e-07,
  "eps": 0.00784313725490196,
  "verify": {
    "ObjectiveBound": 1e+100,
    "ObjectiveValue": NaN,
    "PredictedIndex": 2,
    "SolveStatus": "InfeasibleOrUnbounded",
    "SolveTime": 43.11058497428894,
    "TotalTime": 61.208719477,
    "robust": true,
    "status_known": true
  },
  "test_acc": 0.5874,
  "adv_out_score": [
    -1.1415486335754395,
    -0.4928460121154785,
    -1.7738155126571655,
    -0.4926000237464905,
    -2.0135579109191895,
    -1.651307225227356,
    -1.453725814819336,
    -2.9877548217773438,
    -2.909681797027588,
    -2.456512451171875
  ],
  "adv_out_score_mm": [
    -1.1415011882781982,
    -0.4926679730415344,
    -1.7738722562789917,
    -0.49267131090164185,
    -2.013624429702759,
    -1.6513679027557373,
    -1.4538222551345825,
    -2.987809181213379,
    -2.909599781036377,
    -2.4564294815063477
  ],
  "inp_out_score": [
    -1.0162503719329834,
    0.1055821105837822,
    -2.0523831844329834,
    -0.7083691358566284,
    -2.1922061443328857,
    -1.878706455230713,
    -1.584955096244812,
    -3.1594181060791016,
    -2.7241945266723633,
    -2.127397060394287
  ],
  "mat_model_path": "data/cifar10.mat.xz",
  "device": "cuda",
  "argv_options": [
    "--log-file"
  ]
}