{
  "label": 1,
  "gap": 0.0,
  "eps": 0.00784313725490196,
  "verify": {
    "ObjectiveBound": 1e+100,
    "ObjectiveValue": NaN,
    "PredictedIndex": 2,
    "SolveStatus": "InfeasibleOrUnbounded",
    "SolveTime": 32.93616485595703,
    "TotalTime": 49.557566038,
    "robust": true,
    "status_known": true
  },
  "test_acc": 0.5874,
  "adv_out_score": [
    -1.1415016651153564,
    -0.492669016122818,
    -1.7738715410232544,
    -0.49267083406448364,
    -2.013624668121338,
    -1.6513679027557373,
    -1.4538213014602661,
    -2.9878101348876953,
    -2.909600257873535,
    -2.4564297199249268
  ],
  "adv_out_score_mm": [
    -1.1415022611618042,
    -0.49267104268074036,
    -1.7738715410232544,
    -0.49267083406448364,
    -2.0136234760284424,
    -1.6513680219650269,
    -1.4538220167160034,
    -2.987809658050537,
    -2.909600257873535,
    -2.456430435180664
  ],
  "inp_out_score": [
    -1.0162748098373413,
    0.1055300161242485,
    -2.0523557662963867,
    -0.7083469033241272,
    -2.1921868324279785,
    -1.8786976337432861,
    -1.5849424600601196,
    -3.1594338417053223,
    -2.7241687774658203,
    -2.1273975372314453
  ],
  "mat_model_path": "data/cifar10.mat.xz",
  "device": "cpu",
  "argv_options": [
    "--no-gap",
    "--cpu",
    "--mm",
    "--log-file"
  ]
}