{
  "label": 4,
  "gap": -1.5535729358209474e-07,
  "eps": 0.00784313725490196,
  "verify": {
    "ObjectiveBound": 1e+100,
    "ObjectiveValue": NaN,
    "PredictedIndex": 5,
    "SolveStatus": "InfeasibleOrUnbounded",
    "SolveTime": 18.97827982902527,
    "TotalTime": 39.784836776,
    "robust": true,
    "status_known": true
  },
  "test_acc": 0.5874,
  "adv_out_score": [
    -2.3657872676849365,
    -2.1135449409484863,
    -0.6454022526741028,
    -1.165692687034607,
    1.150393009185791,
    -1.8313591480255127,
    1.150394082069397,
    -1.849361777305603,
    -5.303905963897705,
    -4.091706275939941
  ],
  "adv_out_score_mm": [
    -2.36578631401062,
    -2.1135447025299072,
    -0.6454024910926819,
    -1.1656925678253174,
    1.1503942012786865,
    -1.8313592672348022,
    1.1503928899765015,
    -1.8493609428405762,
    -5.303905010223389,
    -4.091706275939941
  ],
  "inp_out_score": [
    -2.225365400314331,
    -2.3139708042144775,
    -0.5698437094688416,
    -1.1703338623046875,
    1.3341586589813232,
    -1.7465250492095947,
    0.8110615015029907,
    -1.5964075326919556,
    -5.34564733505249,
    -4.202175617218018
  ],
  "mat_model_path": "data/cifar10.mat.xz",
  "device": "cpu",
  "argv_options": [
    "--cpu",
    "--log-file"
  ]
}