{
  "label": 4,
  "gap": -1.5535729358209474e-07,
  "eps": 0.00784313725490196,
  "verify": {
    "ObjectiveBound": 1e+100,
    "ObjectiveValue": NaN,
    "PredictedIndex": 5,
    "SolveStatus": "InfeasibleOrUnbounded",
    "SolveTime": 18.998284101486206,
    "TotalTime": 40.053138258,
    "robust": true,
    "status_known": true
  },
  "test_acc": 0.5874,
  "adv_out_score": [
    -2.3658056259155273,
    -2.1135337352752686,
    -0.645359456539154,
    -1.1656913757324219,
    1.1503186225891113,
    -1.8313531875610352,
    1.1505415439605713,
    -1.849541425704956,
    -5.303951740264893,
    -4.091727256774902
  ],
  "adv_out_score_mm": [
    -2.3657870292663574,
    -2.1135456562042236,
    -0.6454017162322998,
    -1.1656920909881592,
    1.1503946781158447,
    -1.8313583135604858,
    1.1503926515579224,
    -1.8493605852127075,
    -5.303905963897705,
    -4.091707706451416
  ],
  "inp_out_score": [
    -2.225412368774414,
    -2.3139736652374268,
    -0.5698115825653076,
    -1.170304298400879,
    1.3342039585113525,
    -1.74653160572052,
    0.8110805749893188,
    -1.5963741540908813,
    -5.3456501960754395,
    -4.202197551727295
  ],
  "mat_model_path": "data/cifar10.mat.xz",
  "device": "cuda",
  "argv_options": [
    "--log-file"
  ]
}