{
  "label": 4,
  "gap": 0.0,
  "eps": 0.00784313725490196,
  "verify": {
    "ObjectiveBound": 1e+100,
    "ObjectiveValue": NaN,
    "PredictedIndex": 5,
    "SolveStatus": "InfeasibleOrUnbounded",
    "SolveTime": 19.724013090133667,
    "TotalTime": 38.962850372,
    "robust": true,
    "status_known": true
  },
  "test_acc": 0.5874,
  "adv_out_score": [
    -2.36578631401062,
    -2.1135447025299072,
    -0.6454017758369446,
    -1.1656922101974487,
    1.1503932476043701,
    -1.8313591480255127,
    1.150394320487976,
    -1.8493614196777344,
    -5.303905963897705,
    -4.091706275939941
  ],
  "adv_out_score_mm": [
    -2.365786075592041,
    -2.1135454177856445,
    -0.6454021334648132,
    -1.1656924486160278,
    1.1503949165344238,
    -1.8313584327697754,
    1.1503926515579224,
    -1.849360704421997,
    -5.303905487060547,
    -4.091706275939941
  ],
  "inp_out_score": [
    -2.225365400314331,
    -2.3139708042144775,
    -0.5698437094688416,
    -1.1703338623046875,
    1.3341588973999023,
    -1.7465250492095947,
    0.8110615015029907,
    -1.5964075326919556,
    -5.34564733505249,
    -4.202175617218018
  ],
  "mat_model_path": "data/cifar10.mat.xz",
  "device": "cpu",
  "argv_options": [
    "--no-gap",
    "--cpu",
    "--log-file"
  ]
}