{
  "label": 4,
  "gap": 0.0,
  "eps": 0.00784313725490196,
  "verify": {
    "ObjectiveBound": 1e+100,
    "ObjectiveValue": NaN,
    "PredictedIndex": 5,
    "SolveStatus": "InfeasibleOrUnbounded",
    "SolveTime": 15.045106172561646,
    "TotalTime": 31.309787147,
    "robust": true,
    "status_known": true
  },
  "test_acc": 0.5874,
  "adv_out_score": [
    -2.36578631401062,
    -2.113544464111328,
    -0.6454020142555237,
    -1.165692687034607,
    1.1503944396972656,
    -1.8313586711883545,
    1.1503931283950806,
    -1.8493614196777344,
    -5.303905963897705,
    -4.091706275939941
  ],
  "adv_out_score_mm": [
    -2.3657867908477783,
    -2.1135451793670654,
    -0.6454022526741028,
    -1.1656925678253174,
    1.1503934860229492,
    -1.8313586711883545,
    1.1503939628601074,
    -1.8493616580963135,
    -5.303905963897705,
    -4.091706275939941
  ],
  "inp_out_score": [
    -2.225365400314331,
    -2.3139708042144775,
    -0.5698437094688416,
    -1.1703338623046875,
    1.3341588973999023,
    -1.7465250492095947,
    0.8110615015029907,
    -1.5964075326919556,
    -5.34564733505249,
    -4.202175617218018
  ],
  "mat_model_path": "data/cifar10.mat.xz",
  "device": "cpu",
  "argv_options": [
    "--no-gap",
    "--cpu",
    "--mm",
    "--log-file"
  ]
}