{
  "label": 4,
  "gap": 0.0,
  "eps": 0.00784313725490196,
  "verify": {
    "ObjectiveBound": 1e+100,
    "ObjectiveValue": NaN,
    "PredictedIndex": 5,
    "SolveStatus": "InfeasibleOrUnbounded",
    "SolveTime": 17.995795965194702,
    "TotalTime": 37.017203402,
    "robust": true,
    "status_known": true
  },
  "test_acc": 0.5874,
  "adv_out_score": [
    -2.365779399871826,
    -2.113698959350586,
    -0.6452482342720032,
    -1.1656664609909058,
    1.1503446102142334,
    -1.831337809562683,
    1.1506428718566895,
    -1.8496456146240234,
    -5.304022789001465,
    -4.091876029968262
  ],
  "adv_out_score_mm": [
    -2.36578631401062,
    -2.1135449409484863,
    -0.6454021334648132,
    -1.1656920909881592,
    1.1503949165344238,
    -1.8313584327697754,
    1.1503922939300537,
    -1.8493611812591553,
    -5.303905963897705,
    -4.0917067527771
  ],
  "inp_out_score": [
    -2.225412368774414,
    -2.3139736652374268,
    -0.5698115825653076,
    -1.170304298400879,
    1.3342041969299316,
    -1.74653160572052,
    0.8110805749893188,
    -1.5963741540908813,
    -5.3456501960754395,
    -4.202197551727295
  ],
  "mat_model_path": "data/cifar10.mat.xz",
  "device": "cuda",
  "argv_options": [
    "--no-gap",
    "--log-file"
  ]
}