{
  "label": 0,
  "gap": -5.050769867004329e-08,
  "eps": 0.00784313725490196,
  "verify": {
    "ObjectiveBound": 1e+100,
    "ObjectiveValue": NaN,
    "PredictedIndex": 1,
    "SolveStatus": "InfeasibleOrUnbounded",
    "SolveTime": 13.268218994140625,
    "TotalTime": 31.094404612,
    "robust": true,
    "status_known": true
  },
  "test_acc": 0.5874,
  "adv_out_score": [
    0.024563206359744072,
    -2.2358577251434326,
    -0.1536446064710617,
    -1.6385893821716309,
    0.02473289519548416,
    -2.064929723739624,
    -1.0533276796340942,
    -1.3701313734054565,
    -1.1689492464065552,
    -2.782438039779663
  ],
  "adv_out_score_mm": [
    0.024659408256411552,
    -2.2358129024505615,
    -0.15367765724658966,
    -1.6386308670043945,
    0.024657242000102997,
    -2.0649492740631104,
    -1.0533592700958252,
    -1.3701608180999756,
    -1.1689130067825317,
    -2.782405138015747
  ],
  "inp_out_score": [
    0.4413221478462219,
    -1.9477741718292236,
    -0.3066219687461853,
    -1.8580479621887207,
    -0.22681128978729248,
    -2.3174946308135986,
    -1.298601508140564,
    -1.5748498439788818,
    -0.8633153438568115,
    -2.58232045173645
  ],
  "mat_model_path": "data/cifar10.mat.xz",
  "device": "cuda",
  "argv_options": [
    "--log-file"
  ]
}