{
  "label": 0,
  "gap": 0.0,
  "eps": 0.00784313725490196,
  "verify": {
    "ObjectiveBound": 1e+100,
    "ObjectiveValue": NaN,
    "PredictedIndex": 1,
    "SolveStatus": "InfeasibleOrUnbounded",
    "SolveTime": 13.446483850479126,
    "TotalTime": 30.728764679,
    "robust": true,
    "status_known": true
  },
  "test_acc": 0.5874,
  "adv_out_score": [
    0.02453470602631569,
    -2.2358551025390625,
    -0.1536342054605484,
    -1.6385771036148071,
    0.024752341210842133,
    -2.0648748874664307,
    -1.0533294677734375,
    -1.370141625404358,
    -1.168989658355713,
    -2.7824368476867676
  ],
  "adv_out_score_mm": [
    0.024660024791955948,
    -2.2358126640319824,
    -0.15367798507213593,
    -1.6386306285858154,
    0.024657122790813446,
    -2.0649490356445312,
    -1.0533591508865356,
    -1.370160460472107,
    -1.1689130067825317,
    -2.782405138015747
  ],
  "inp_out_score": [
    0.4413222074508667,
    -1.9477741718292236,
    -0.3066219687461853,
    -1.8580479621887207,
    -0.22681128978729248,
    -2.3174946308135986,
    -1.298601508140564,
    -1.5748498439788818,
    -0.8633153438568115,
    -2.58232045173645
  ],
  "mat_model_path": "data/cifar10.mat.xz",
  "device": "cuda",
  "argv_options": [
    "--no-gap",
    "--log-file"
  ]
}