{
  "label": 7,
  "gap": -2.0785695902589426e-07,
  "eps": 0.00784313725490196,
  "verify": {
    "ObjectiveBound": 1e+100,
    "ObjectiveValue": NaN,
    "PredictedIndex": 8,
    "SolveStatus": "InfeasibleOrUnbounded",
    "SolveTime": 9.700929164886475,
    "TotalTime": 28.958745855,
    "robust": true,
    "status_known": true
  },
  "test_acc": 0.5874,
  "adv_out_score": [
    -1.5170567035675049,
    -2.0024049282073975,
    -1.494973063468933,
    -1.4218604564666748,
    -1.6072793006896973,
    -1.3239071369171143,
    -0.7713010311126709,
    -0.7713032960891724,
    -1.8938050270080566,
    -1.693522334098816
  ],
  "adv_out_score_mm": [
    -1.517055630683899,
    -2.0024056434631348,
    -1.4949719905853271,
    -1.421860694885254,
    -1.6072783470153809,
    -1.3239065408706665,
    -0.7713025808334351,
    -0.7713021039962769,
    -1.8938055038452148,
    -1.6935230493545532
  ],
  "inp_out_score": [
    -1.4351563453674316,
    -2.046868324279785,
    -1.5174705982208252,
    -1.4434586763381958,
    -1.5340042114257812,
    -1.235072374343872,
    -0.9597556591033936,
    -0.39355942606925964,
    -2.0194833278656006,
    -1.7060071229934692
  ],
  "mat_model_path": "data/cifar10.mat.xz",
  "device": "cpu",
  "argv_options": [
    "--cpu",
    "--log-file"
  ]
}