{
  "label": 7,
  "gap": 0.0,
  "eps": 0.00784313725490196,
  "verify": {
    "ObjectiveBound": 1e+100,
    "ObjectiveValue": NaN,
    "PredictedIndex": 8,
    "SolveStatus": "InfeasibleOrUnbounded",
    "SolveTime": 8.468094110488892,
    "TotalTime": 30.087362475,
    "robust": true,
    "status_known": true
  },
  "test_acc": 0.5874,
  "adv_out_score": [
    -1.5170562267303467,
    -2.0024051666259766,
    -1.4949729442596436,
    -1.4218602180480957,
    -1.6072784662246704,
    -1.3239067792892456,
    -0.7713024616241455,
    -0.7713027000427246,
    -1.8938052654266357,
    -1.693522572517395
  ],
  "adv_out_score_mm": [
    -1.5170564651489258,
    -2.0024051666259766,
    -1.494973063468933,
    -1.4218610525131226,
    -1.6072784662246704,
    -1.3239067792892456,
    -0.7713031768798828,
    -0.7713010907173157,
    -1.8938055038452148,
    -1.6935228109359741
  ],
  "inp_out_score": [
    -1.435154676437378,
    -2.0468692779541016,
    -1.517470359802246,
    -1.4434590339660645,
    -1.534003734588623,
    -1.235072135925293,
    -0.9597557783126831,
    -0.3935592770576477,
    -2.019481897354126,
    -1.7060084342956543
  ],
  "mat_model_path": "data/cifar10.mat.xz",
  "device": "cuda",
  "argv_options": [
    "--no-gap",
    "--stable",
    "--log-file"
  ]
}