{
  "label": 7,
  "gap": 0.0,
  "eps": 0.00784313725490196,
  "verify": {
    "ObjectiveBound": 1e+100,
    "ObjectiveValue": NaN,
    "PredictedIndex": 8,
    "SolveStatus": "InfeasibleOrUnbounded",
    "SolveTime": 7.831372022628784,
    "TotalTime": 25.017315691,
    "robust": true,
    "status_known": true
  },
  "test_acc": 0.5874,
  "adv_out_score": [
    -1.517056941986084,
    -2.0024046897888184,
    -1.4949729442596436,
    -1.4218605756759644,
    -1.6072793006896973,
    -1.3239067792892456,
    -0.7713011503219604,
    -0.7713029384613037,
    -1.8938055038452148,
    -1.693522572517395
  ],
  "adv_out_score_mm": [
    -1.5170557498931885,
    -2.0024056434631348,
    -1.4949718713760376,
    -1.421860694885254,
    -1.6072778701782227,
    -1.323906660079956,
    -0.7713022232055664,
    -0.7713015079498291,
    -1.893805742263794,
    -1.6935231685638428
  ],
  "inp_out_score": [
    -1.4351563453674316,
    -2.046868324279785,
    -1.5174705982208252,
    -1.4434586763381958,
    -1.5340042114257812,
    -1.235072374343872,
    -0.9597556591033936,
    -0.39355921745300293,
    -2.0194833278656006,
    -1.7060071229934692
  ],
  "mat_model_path": "data/cifar10.mat.xz",
  "device": "cpu",
  "argv_options": [
    "--no-gap",
    "--cpu",
    "--log-file"
  ]
}