{
  "label": 7,
  "gap": -2.0785695902589426e-07,
  "eps": 0.00784313725490196,
  "verify": {
    "ObjectiveBound": 1e+100,
    "ObjectiveValue": NaN,
    "PredictedIndex": 8,
    "SolveStatus": "InfeasibleOrUnbounded",
    "SolveTime": 7.910543918609619,
    "TotalTime": 24.0883079,
    "robust": true,
    "status_known": true
  },
  "test_acc": 0.5874,
  "adv_out_score": [
    -1.5170562267303467,
    -2.0024054050445557,
    -1.494972825050354,
    -1.4218604564666748,
    -1.6072787046432495,
    -1.323906660079956,
    -0.771302342414856,
    -0.7713025808334351,
    -1.8938050270080566,
    -1.6935228109359741
  ],
  "adv_out_score_mm": [
    -1.5170567035675049,
    -2.0024051666259766,
    -1.494973063468933,
    -1.4218608140945435,
    -1.6072782278060913,
    -1.323906660079956,
    -0.7713025808334351,
    -0.7713015079498291,
    -1.8938055038452148,
    -1.6935228109359741
  ],
  "inp_out_score": [
    -1.435154676437378,
    -2.0468692779541016,
    -1.517470359802246,
    -1.4434590339660645,
    -1.534003734588623,
    -1.235072135925293,
    -0.9597557783126831,
    -0.3935594856739044,
    -2.019481897354126,
    -1.7060084342956543
  ],
  "mat_model_path": "data/cifar10.mat.xz",
  "device": "cuda",
  "argv_options": [
    "--stable",
    "--log-file"
  ]
}