{
  "label": 7,
  "gap": 0.0,
  "eps": 0.00784313725490196,
  "verify": {
    "ObjectiveBound": 1e+100,
    "ObjectiveValue": NaN,
    "PredictedIndex": 8,
    "SolveStatus": "InfeasibleOrUnbounded",
    "SolveTime": 8.708518981933594,
    "TotalTime": 25.979184097,
    "robust": true,
    "status_known": true
  },
  "test_acc": 0.5874,
  "adv_out_score": [
    -1.5170562267303467,
    -2.0024044513702393,
    -1.4949729442596436,
    -1.4218603372573853,
    -1.6072783470153809,
    -1.323906660079956,
    -0.7713027000427246,
    -0.7713016271591187,
    -1.8938055038452148,
    -1.6935220956802368
  ],
  "adv_out_score_mm": [
    -1.517055869102478,
    -2.0024051666259766,
    -1.4949718713760376,
    -1.421861171722412,
    -1.6072783470153809,
    -1.3239072561264038,
    -0.7713011503219604,
    -0.7713027000427246,
    -1.8938055038452148,
    -1.6935230493545532
  ],
  "inp_out_score": [
    -1.4351563453674316,
    -2.046868324279785,
    -1.5174705982208252,
    -1.4434586763381958,
    -1.5340042114257812,
    -1.235072374343872,
    -0.9597556591033936,
    -0.39355921745300293,
    -2.0194833278656006,
    -1.7060071229934692
  ],
  "mat_model_path": "data/cifar10.mat.xz",
  "device": "cpu",
  "argv_options": [
    "--no-gap",
    "--cpu",
    "--mm",
    "--log-file"
  ]
}