{
  "label": 7,
  "gap": 0.0,
  "eps": 0.00784313725490196,
  "verify": {
    "ObjectiveBound": 1e+100,
    "ObjectiveValue": NaN,
    "PredictedIndex": 8,
    "SolveStatus": "InfeasibleOrUnbounded",
    "SolveTime": 10.702550888061523,
    "TotalTime": 29.612728249,
    "robust": true,
    "status_known": true
  },
  "test_acc": 0.5874,
  "adv_out_score": [
    -1.5170576572418213,
    -2.0025291442871094,
    -1.494920253753662,
    -1.4219152927398682,
    -1.6073349714279175,
    -1.3239816427230835,
    -0.7710937261581421,
    -0.7716448903083801,
    -1.8937959671020508,
    -1.6936376094818115
  ],
  "adv_out_score_mm": [
    -1.517056941986084,
    -2.0024051666259766,
    -1.494972586631775,
    -1.421860694885254,
    -1.6072779893875122,
    -1.323906660079956,
    -0.7713035345077515,
    -0.7713005542755127,
    -1.893805742263794,
    -1.6935229301452637
  ],
  "inp_out_score": [
    -1.4351890087127686,
    -2.0467939376831055,
    -1.517479658126831,
    -1.4434646368026733,
    -1.533965826034546,
    -1.2351206541061401,
    -0.9597949981689453,
    -0.3935454487800598,
    -2.0194292068481445,
    -1.7059319019317627
  ],
  "mat_model_path": "data/cifar10.mat.xz",
  "device": "cuda",
  "argv_options": [
    "--no-gap",
    "--log-file"
  ]
}