{
  "label": 7,
  "gap": -2.0785695902589426e-07,
  "eps": 0.00784313725490196,
  "verify": {
    "ObjectiveBound": 1e+100,
    "ObjectiveValue": NaN,
    "PredictedIndex": 8,
    "SolveStatus": "InfeasibleOrUnbounded",
    "SolveTime": 9.250722885131836,
    "TotalTime": 27.641212548,
    "robust": true,
    "status_known": true
  },
  "test_acc": 0.5874,
  "adv_out_score": [
    -1.5169953107833862,
    -2.002548933029175,
    -1.4949382543563843,
    -1.421921730041504,
    -1.6073247194290161,
    -1.3240020275115967,
    -0.7711025476455688,
    -0.7716004848480225,
    -1.8937749862670898,
    -1.6937323808670044
  ],
  "adv_out_score_mm": [
    -1.5170568227767944,
    -2.0024049282073975,
    -1.4949729442596436,
    -1.421860694885254,
    -1.6072779893875122,
    -1.3239068984985352,
    -0.7713030576705933,
    -0.7713006734848022,
    -1.893805742263794,
    -1.6935235261917114
  ],
  "inp_out_score": [
    -1.4351890087127686,
    -2.0467939376831055,
    -1.517479658126831,
    -1.4434646368026733,
    -1.533965826034546,
    -1.2351206541061401,
    -0.9597949981689453,
    -0.39354565739631653,
    -2.0194292068481445,
    -1.7059319019317627
  ],
  "mat_model_path": "data/cifar10.mat.xz",
  "device": "cuda",
  "argv_options": [
    "--log-file"
  ]
}