{
  "label": 7,
  "gap": -2.0785695902589426e-07,
  "eps": 0.00784313725490196,
  "verify": {
    "ObjectiveBound": 1e+100,
    "ObjectiveValue": NaN,
    "PredictedIndex": 8,
    "SolveStatus": "InfeasibleOrUnbounded",
    "SolveTime": 8.117525100708008,
    "TotalTime": 25.502304028,
    "robust": true,
    "status_known": true
  },
  "test_acc": 0.5874,
  "adv_out_score": [
    -1.5170562267303467,
    -2.0024049282073975,
    -1.4949727058410645,
    -1.4218604564666748,
    -1.607278823852539,
    -1.3239070177078247,
    -0.7713022232055664,
    -0.7713025808334351,
    -1.8938055038452148,
    -1.6935226917266846
  ],
  "adv_out_score_mm": [
    -1.517055869102478,
    -2.0024054050445557,
    -1.4949716329574585,
    -1.4218610525131226,
    -1.6072783470153809,
    -1.3239072561264038,
    -0.7713015079498291,
    -0.7713035345077515,
    -1.8938055038452148,
    -1.6935231685638428
  ],
  "inp_out_score": [
    -1.4351563453674316,
    -2.046868324279785,
    -1.5174705982208252,
    -1.4434586763381958,
    -1.5340042114257812,
    -1.235072374343872,
    -0.9597556591033936,
    -0.39355942606925964,
    -2.0194833278656006,
    -1.7060071229934692
  ],
  "mat_model_path": "data/cifar10.mat.xz",
  "device": "cpu",
  "argv_options": [
    "--cpu",
    "--mm",
    "--log-file"
  ]
}