{
  "label": 6,
  "gap": -0.012369034096636304,
  "eps": 0.00784313725490196,
  "verify": {
    "ObjectiveBound": 1e+100,
    "ObjectiveValue": NaN,
    "PredictedIndex": 7,
    "SolveStatus": "InfeasibleOrUnbounded",
    "SolveTime": 47.780102014541626,
    "TotalTime": 65.26842144,
    "robust": true,
    "status_known": true
  },
  "test_acc": 0.5874,
  "adv_out_score": [
    -1.7676321268081665,
    -3.325108051300049,
    0.39766353368759155,
    0.15216773748397827,
    0.7097837924957275,
    -0.9704685211181641,
    0.7097856998443604,
    -2.3708648681640625,
    -2.9016776084899902,
    -3.850553512573242
  ],
  "adv_out_score_mm": [
    -1.7676335573196411,
    -3.325108766555786,
    0.39766448736190796,
    0.15216726064682007,
    0.7097854614257812,
    -0.970468282699585,
    0.7097853422164917,
    -2.370863914489746,
    -2.9016785621643066,
    -3.8505537509918213
  ],
  "inp_out_score": [
    -1.904289960861206,
    -3.274928569793701,
    0.2802525758743286,
    0.2289535403251648,
    0.5274879932403564,
    -0.8737236261367798,
    1.092745304107666,
    -2.4485220909118652,
    -2.960419178009033,
    -3.7283542156219482
  ],
  "mat_model_path": "data/cifar10.mat.xz",
  "device": "cpu",
  "argv_options": [
    "--cpu",
    "--mm",
    "--log-file"
  ]
}