{
  "label": 6,
  "gap": -0.012369034096636304,
  "eps": 0.00784313725490196,
  "verify": {
    "ObjectiveBound": 1e+100,
    "ObjectiveValue": NaN,
    "PredictedIndex": 7,
    "SolveStatus": "InfeasibleOrUnbounded",
    "SolveTime": 60.3562798500061,
    "TotalTime": 82.028273578,
    "robust": true,
    "status_known": true
  },
  "test_acc": 0.5874,
  "adv_out_score": [
    -1.7676326036453247,
    -3.3251092433929443,
    0.3976641297340393,
    0.1521679162979126,
    0.7097841501235962,
    -0.970468282699585,
    0.7097862958908081,
    -2.370865821838379,
    -2.901677131652832,
    -3.8505544662475586
  ],
  "adv_out_score_mm": [
    -1.7676327228546143,
    -3.3251092433929443,
    0.39766430854797363,
    0.15216779708862305,
    0.7097851037979126,
    -0.970468282699585,
    0.7097848653793335,
    -2.3708653450012207,
    -2.901677370071411,
    -3.8505544662475586
  ],
  "inp_out_score": [
    -1.904289960861206,
    -3.274927854537964,
    0.28025251626968384,
    0.22895291447639465,
    0.5274876356124878,
    -0.8737240433692932,
    1.0927449464797974,
    -2.448521614074707,
    -2.960419178009033,
    -3.728353500366211
  ],
  "mat_model_path": "data/cifar10.mat.xz",
  "device": "cuda",
  "argv_options": [
    "--mm",
    "--log-file"
  ]
}