{
  "label": 6,
  "gap": -0.012369034096636304,
  "eps": 0.00784313725490196,
  "verify": {
    "ObjectiveBound": 1e+100,
    "ObjectiveValue": NaN,
    "PredictedIndex": 7,
    "SolveStatus": "InfeasibleOrUnbounded",
    "SolveTime": 49.248124837875366,
    "TotalTime": 68.190764639,
    "robust": true,
    "status_known": true
  },
  "test_acc": 0.5874,
  "adv_out_score": [
    -1.7675786018371582,
    -3.325178623199463,
    0.39768487215042114,
    0.1521713137626648,
    0.7098768949508667,
    -0.9704787731170654,
    0.709702730178833,
    -2.370802879333496,
    -2.901662826538086,
    -3.8506250381469727
  ],
  "adv_out_score_mm": [
    -1.7676329612731934,
    -3.3251092433929443,
    0.39766353368759155,
    0.15216761827468872,
    0.7097845077514648,
    -0.9704680442810059,
    0.7097861766815186,
    -2.3708653450012207,
    -2.9016776084899902,
    -3.8505542278289795
  ],
  "inp_out_score": [
    -1.904287576675415,
    -3.2749063968658447,
    0.28025496006011963,
    0.2289896309375763,
    0.5274673700332642,
    -0.8736881613731384,
    1.092786192893982,
    -2.448500633239746,
    -2.9604766368865967,
    -3.7283434867858887
  ],
  "mat_model_path": "data/cifar10.mat.xz",
  "device": "cuda",
  "argv_options": [
    "--log-file"
  ]
}