{
  "label": 4,
  "gap": 0.0,
  "eps": 0.00784313725490196,
  "verify": {
    "ObjectiveBound": 1e+100,
    "ObjectiveValue": NaN,
    "PredictedIndex": 5,
    "SolveStatus": "InfeasibleOrUnbounded",
    "SolveTime": 35.314817905426025,
    "TotalTime": 57.917541267,
    "robust": true,
    "status_known": true
  },
  "test_acc": 0.5874,
  "adv_out_score": [
    -2.091834545135498,
    -4.109975814819336,
    0.8620275259017944,
    -0.06868045777082443,
    0.8618367910385132,
    -1.4202252626419067,
    -0.1670563519001007,
    -1.603511095046997,
    -2.995108127593994,
    -4.655786991119385
  ],
  "adv_out_score_mm": [
    -2.091806173324585,
    -4.109987258911133,
    0.8619264960289001,
    -0.06868981570005417,
    0.8619292974472046,
    -1.4202492237091064,
    -0.16713085770606995,
    -1.60333251953125,
    -2.9950833320617676,
    -4.655766487121582
  ],
  "inp_out_score": [
    -1.9838879108428955,
    -4.105180740356445,
    0.6487279534339905,
    -0.11969619244337082,
    1.0320380926132202,
    -1.4874435663223267,
    -0.07498285174369812,
    -1.4896942377090454,
    -2.9752016067504883,
    -4.640944957733154
  ],
  "mat_model_path": "data/cifar10.mat.xz",
  "device": "cuda",
  "argv_options": [
    "--no-gap",
    "--log-file"
  ]
}