{
  "label": 4,
  "gap": -2.6575113491297827e-07,
  "eps": 0.00784313725490196,
  "verify": {
    "ObjectiveBound": 1e+100,
    "ObjectiveValue": NaN,
    "PredictedIndex": 5,
    "SolveStatus": "InfeasibleOrUnbounded",
    "SolveTime": 33.306628942489624,
    "TotalTime": 55.946321513,
    "robust": true,
    "status_known": true
  },
  "test_acc": 0.5874,
  "adv_out_score": [
    -2.0918068885803223,
    -4.109988212585449,
    0.8619287610054016,
    -0.06868951767683029,
    0.8619281649589539,
    -1.4202492237091064,
    -0.1671307384967804,
    -1.603333830833435,
    -2.9950835704803467,
    -4.655767440795898
  ],
  "adv_out_score_mm": [
    -2.0918073654174805,
    -4.109988212585449,
    0.8619272112846375,
    -0.06868939846754074,
    0.861928403377533,
    -1.42024827003479,
    -0.16712936758995056,
    -1.6033328771591187,
    -2.995084762573242,
    -4.655767440795898
  ],
  "inp_out_score": [
    -1.9838535785675049,
    -4.105190277099609,
    0.6487453579902649,
    -0.11971228569746017,
    1.0320124626159668,
    -1.4874401092529297,
    -0.07498666644096375,
    -1.4897267818450928,
    -2.9752049446105957,
    -4.640958786010742
  ],
  "mat_model_path": "data/cifar10.mat.xz",
  "device": "cpu",
  "argv_options": [
    "--cpu",
    "--log-file"
  ]
}