{
  "label": 4,
  "gap": -2.6575113491297827e-07,
  "eps": 0.00784313725490196,
  "verify": {
    "ObjectiveBound": 1e+100,
    "ObjectiveValue": NaN,
    "PredictedIndex": 5,
    "SolveStatus": "InfeasibleOrUnbounded",
    "SolveTime": 30.991050004959106,
    "TotalTime": 50.398388102,
    "robust": true,
    "status_known": true
  },
  "test_acc": 0.5874,
  "adv_out_score": [
    -2.0918071269989014,
    -4.109988212585449,
    0.8619279265403748,
    -0.06868939846754074,
    0.8619286417961121,
    -1.4202487468719482,
    -0.1671305000782013,
    -1.6033333539962769,
    -2.9950830936431885,
    -4.655767440795898
  ],
  "adv_out_score_mm": [
    -2.0918068885803223,
    -4.109988212585449,
    0.861928403377533,
    -0.06868916004896164,
    0.8619276881217957,
    -1.4202483892440796,
    -0.16712990403175354,
    -1.6033329963684082,
    -2.995084524154663,
    -4.65576696395874
  ],
  "inp_out_score": [
    -1.9838535785675049,
    -4.105190277099609,
    0.6487453579902649,
    -0.11971228569746017,
    1.0320124626159668,
    -1.4874401092529297,
    -0.07498666644096375,
    -1.4897267818450928,
    -2.9752049446105957,
    -4.640958786010742
  ],
  "mat_model_path": "data/cifar10.mat.xz",
  "device": "cpu",
  "argv_options": [
    "--cpu",
    "--mm",
    "--log-file"
  ]
}