{
  "label": 4,
  "gap": 0.0,
  "eps": 0.00784313725490196,
  "verify": {
    "ObjectiveBound": 1e+100,
    "ObjectiveValue": NaN,
    "PredictedIndex": 5,
    "SolveStatus": "InfeasibleOrUnbounded",
    "SolveTime": 35.12980389595032,
    "TotalTime": 59.122269874,
    "robust": true,
    "status_known": true
  },
  "test_acc": 0.5874,
  "adv_out_score": [
    -2.091806650161743,
    -4.109988212585449,
    0.8619289994239807,
    -0.06868951767683029,
    0.8619277477264404,
    -1.4202489852905273,
    -0.1671309769153595,
    -1.603333592414856,
    -2.9950830936431885,
    -4.65576696395874
  ],
  "adv_out_score_mm": [
    -2.0918068885803223,
    -4.109988212585449,
    0.8619269728660583,
    -0.06868927925825119,
    0.8619287014007568,
    -1.42024827003479,
    -0.16712984442710876,
    -1.6033320426940918,
    -2.995084285736084,
    -4.65576696395874
  ],
  "inp_out_score": [
    -1.9838535785675049,
    -4.105190277099609,
    0.6487453579902649,
    -0.11971228569746017,
    1.032012701034546,
    -1.4874401092529297,
    -0.07498666644096375,
    -1.4897267818450928,
    -2.9752049446105957,
    -4.640958786010742
  ],
  "mat_model_path": "data/cifar10.mat.xz",
  "device": "cpu",
  "argv_options": [
    "--no-gap",
    "--cpu",
    "--log-file"
  ]
}