{
  "label": 4,
  "gap": -2.6575113491297827e-07,
  "eps": 0.00784313725490196,
  "verify": {
    "ObjectiveBound": 1e+100,
    "ObjectiveValue": NaN,
    "PredictedIndex": 5,
    "SolveStatus": "InfeasibleOrUnbounded",
    "SolveTime": 32.73398184776306,
    "TotalTime": 53.629808146,
    "robust": true,
    "status_known": true
  },
  "test_acc": 0.5874,
  "adv_out_score": [
    -2.0918047428131104,
    -4.109984397888184,
    0.862048327922821,
    -0.06871717423200607,
    0.8618370294570923,
    -1.4202646017074585,
    -0.1670648157596588,
    -1.603548526763916,
    -2.9951012134552,
    -4.655815601348877
  ],
  "adv_out_score_mm": [
    -2.091806173324585,
    -4.109988212585449,
    0.8619267344474792,
    -0.0686897560954094,
    0.8619293570518494,
    -1.4202494621276855,
    -0.16713079810142517,
    -1.6033321619033813,
    -2.995083808898926,
    -4.655766487121582
  ],
  "inp_out_score": [
    -1.9838879108428955,
    -4.105180740356445,
    0.6487279534339905,
    -0.11969619244337082,
    1.0320377349853516,
    -1.4874435663223267,
    -0.07498285174369812,
    -1.4896942377090454,
    -2.9752016067504883,
    -4.640944957733154
  ],
  "mat_model_path": "data/cifar10.mat.xz",
  "device": "cuda",
  "argv_options": [
    "--log-file"
  ]
}