{
  "label": 1,
  "gap": 0.0,
  "eps": 0.00784313725490196,
  "verify": {
    "ObjectiveBound": 1e+100,
    "ObjectiveValue": NaN,
    "PredictedIndex": 2,
    "SolveStatus": "InfeasibleOrUnbounded",
    "SolveTime": 69.89553904533386,
    "TotalTime": 89.978845944,
    "robust": true,
    "status_known": true
  },
  "test_acc": 0.5874,
  "adv_out_score": [
    -1.23043692111969,
    -0.5146685242652893,
    -1.1605144739151,
    -0.8798673748970032,
    -0.9056756496429443,
    -1.8345128297805786,
    -0.5146682262420654,
    -2.8450164794921875,
    -2.5405120849609375,
    -2.714376211166382
  ],
  "adv_out_score_mm": [
    -1.23043692111969,
    -0.5146666169166565,
    -1.160515546798706,
    -0.87986820936203,
    -0.9056754112243652,
    -1.834514856338501,
    -0.5146687030792236,
    -2.845017433166504,
    -2.540510654449463,
    -2.714376449584961
  ],
  "inp_out_score": [
    -1.1234041452407837,
    0.08290465921163559,
    -1.3306063413619995,
    -1.012000560760498,
    -1.1634132862091064,
    -1.9675445556640625,
    -0.7974604368209839,
    -2.8953981399536133,
    -2.429499626159668,
    -2.3515617847442627
  ],
  "mat_model_path": "data/cifar10.mat.xz",
  "device": "cpu",
  "argv_options": [
    "--no-gap",
    "--cpu",
    "--log-file"
  ]
}