{
  "label": 1,
  "gap": 0.0,
  "eps": 0.00784313725490196,
  "verify": {
    "ObjectiveBound": 1e+100,
    "ObjectiveValue": NaN,
    "PredictedIndex": 2,
    "SolveStatus": "InfeasibleOrUnbounded",
    "SolveTime": 76.2608699798584,
    "TotalTime": 93.85251125,
    "robust": true,
    "status_known": true
  },
  "test_acc": 0.5874,
  "adv_out_score": [
    -1.2302849292755127,
    -0.5150070786476135,
    -1.1603487730026245,
    -0.8798735737800598,
    -0.9056239128112793,
    -1.8344995975494385,
    -0.5145430564880371,
    -2.84513521194458,
    -2.540562391281128,
    -2.714552879333496
  ],
  "adv_out_score_mm": [
    -1.2304364442825317,
    -0.5146657228469849,
    -1.1605154275894165,
    -0.8798675537109375,
    -0.9056763648986816,
    -1.8345134258270264,
    -0.5146692991256714,
    -2.8450164794921875,
    -2.5405116081237793,
    -2.7143759727478027
  ],
  "inp_out_score": [
    -1.1234525442123413,
    0.08288087695837021,
    -1.3305977582931519,
    -1.0119941234588623,
    -1.1634182929992676,
    -1.96751070022583,
    -0.7973766326904297,
    -2.8954715728759766,
    -2.4294872283935547,
    -2.351588249206543
  ],
  "mat_model_path": "data/cifar10.mat.xz",
  "device": "cuda",
  "argv_options": [
    "--no-gap",
    "--log-file"
  ]
}