{
  "label": 1,
  "gap": -1.0356534497815938e-07,
  "eps": 0.00784313725490196,
  "verify": {
    "ObjectiveBound": 1e+100,
    "ObjectiveValue": NaN,
    "PredictedIndex": 2,
    "SolveStatus": "InfeasibleOrUnbounded",
    "SolveTime": 70.55983901023865,
    "TotalTime": 90.793794633,
    "robust": true,
    "status_known": true
  },
  "test_acc": 0.5874,
  "adv_out_score": [
    -1.230436086654663,
    -0.5146665573120117,
    -1.1605149507522583,
    -0.8798678517341614,
    -0.9056756496429443,
    -1.8345131874084473,
    -0.5146697759628296,
    -2.8450160026550293,
    -2.5405123233795166,
    -2.7143757343292236
  ],
  "adv_out_score_mm": [
    -1.230437159538269,
    -0.5146688222885132,
    -1.1605149507522583,
    -0.8798673748970032,
    -0.9056754112243652,
    -1.8345140218734741,
    -0.514667272567749,
    -2.8450169563293457,
    -2.5405116081237793,
    -2.7143774032592773
  ],
  "inp_out_score": [
    -1.1234041452407837,
    0.08290455490350723,
    -1.3306063413619995,
    -1.012000560760498,
    -1.1634132862091064,
    -1.9675445556640625,
    -0.7974604368209839,
    -2.8953981399536133,
    -2.429499626159668,
    -2.3515617847442627
  ],
  "mat_model_path": "data/cifar10.mat.xz",
  "device": "cpu",
  "argv_options": [
    "--cpu",
    "--mm",
    "--log-file"
  ]
}