{
  "label": 1,
  "gap": -1.0356534497815938e-07,
  "eps": 0.00784313725490196,
  "verify": {
    "ObjectiveBound": 1e+100,
    "ObjectiveValue": NaN,
    "PredictedIndex": 2,
    "SolveStatus": "InfeasibleOrUnbounded",
    "SolveTime": 66.06498908996582,
    "TotalTime": 83.022124758,
    "robust": true,
    "status_known": true
  },
  "test_acc": 0.5874,
  "adv_out_score": [
    -1.2305713891983032,
    -0.5148855447769165,
    -1.160335659980774,
    -0.8797605037689209,
    -0.905580997467041,
    -1.8343753814697266,
    -0.5144765377044678,
    -2.845118522644043,
    -2.540729284286499,
    -2.714552164077759
  ],
  "adv_out_score_mm": [
    -1.23043692111969,
    -0.5146661400794983,
    -1.160515546798706,
    -0.8798673748970032,
    -0.9056761264801025,
    -1.8345136642456055,
    -0.5146692991256714,
    -2.8450164794921875,
    -2.5405116081237793,
    -2.7143759727478027
  ],
  "inp_out_score": [
    -1.1234525442123413,
    0.08288077265024185,
    -1.3305977582931519,
    -1.0119941234588623,
    -1.1634182929992676,
    -1.96751070022583,
    -0.7973766326904297,
    -2.8954715728759766,
    -2.4294872283935547,
    -2.351588249206543
  ],
  "mat_model_path": "data/cifar10.mat.xz",
  "device": "cuda",
  "argv_options": [
    "--log-file"
  ]
}