{
  "label": 1,
  "gap": -1.0356534497815938e-07,
  "eps": 0.00784313725490196,
  "verify": {
    "ObjectiveBound": 1e+100,
    "ObjectiveValue": NaN,
    "PredictedIndex": 2,
    "SolveStatus": "InfeasibleOrUnbounded",
    "SolveTime": 75.10292100906372,
    "TotalTime": 103.02143863,
    "robust": true,
    "status_known": true
  },
  "test_acc": 0.5874,
  "adv_out_score": [
    -1.2304364442825317,
    -0.5146687626838684,
    -1.1605147123336792,
    -0.879866898059845,
    -0.9056756496429443,
    -1.83451247215271,
    -0.5146681070327759,
    -2.8450160026550293,
    -2.5405120849609375,
    -2.714376449584961
  ],
  "adv_out_score_mm": [
    -1.2304365634918213,
    -0.5146673321723938,
    -1.1605154275894165,
    -0.8798680901527405,
    -0.9056754112243652,
    -1.8345142602920532,
    -0.514668345451355,
    -2.8450169563293457,
    -2.540510892868042,
    -2.714376926422119
  ],
  "inp_out_score": [
    -1.1234041452407837,
    0.08290455490350723,
    -1.3306063413619995,
    -1.012000560760498,
    -1.1634132862091064,
    -1.9675445556640625,
    -0.7974604368209839,
    -2.8953981399536133,
    -2.429499626159668,
    -2.3515617847442627
  ],
  "mat_model_path": "data/cifar10.mat.xz",
  "device": "cpu",
  "argv_options": [
    "--cpu",
    "--log-file"
  ]
}