{
  "label": 1,
  "gap": 0.0,
  "eps": 0.00784313725490196,
  "verify": {
    "ObjectiveBound": 1e+100,
    "ObjectiveValue": NaN,
    "PredictedIndex": 2,
    "SolveStatus": "InfeasibleOrUnbounded",
    "SolveTime": 82.73472905158997,
    "TotalTime": 102.35509402,
    "robust": true,
    "status_known": true
  },
  "test_acc": 0.5874,
  "adv_out_score": [
    -1.230436086654663,
    -0.5146669745445251,
    -1.1605151891708374,
    -0.8798672556877136,
    -0.9056758880615234,
    -1.8345125913619995,
    -0.5146692991256714,
    -2.845015525817871,
    -2.5405116081237793,
    -2.7143759727478027
  ],
  "adv_out_score_mm": [
    -1.2304373979568481,
    -0.514668881893158,
    -1.1605148315429688,
    -0.8798676133155823,
    -0.905674934387207,
    -1.8345139026641846,
    -0.5146665573120117,
    -2.8450164794921875,
    -2.5405125617980957,
    -2.7143778800964355
  ],
  "inp_out_score": [
    -1.1234041452407837,
    0.08290465921163559,
    -1.3306063413619995,
    -1.012000560760498,
    -1.1634132862091064,
    -1.9675445556640625,
    -0.7974604368209839,
    -2.8953981399536133,
    -2.429499626159668,
    -2.3515617847442627
  ],
  "mat_model_path": "data/cifar10.mat.xz",
  "device": "cpu",
  "argv_options": [
    "--no-gap",
    "--cpu",
    "--mm",
    "--log-file"
  ]
}