{
  "label": 7,
  "gap": 0.0,
  "eps": 0.00784313725490196,
  "verify": {
    "ObjectiveBound": 1e+100,
    "ObjectiveValue": NaN,
    "PredictedIndex": 8,
    "SolveStatus": "InfeasibleOrUnbounded",
    "SolveTime": 4.92799186706543,
    "TotalTime": 22.292530963,
    "robust": true,
    "status_known": true
  },
  "test_acc": 0.5874,
  "adv_out_score": [
    -1.9401075839996338,
    -2.3283417224884033,
    0.6137934327125549,
    -1.1788876056671143,
    1.0720510482788086,
    -0.7192519903182983,
    -0.8803607225418091,
    1.0720494985580444,
    -4.879088878631592,
    -3.159787893295288
  ],
  "adv_out_score_mm": [
    -1.9401094913482666,
    -2.3283395767211914,
    0.6137917637825012,
    -1.1788880825042725,
    1.072049617767334,
    -0.7192528247833252,
    -0.8803607225418091,
    1.0720499753952026,
    -4.879087448120117,
    -3.1597859859466553
  ],
  "inp_out_score": [
    -1.9703369140625,
    -2.251830577850342,
    0.49813979864120483,
    -1.1681852340698242,
    1.0086441040039062,
    -0.6266363859176636,
    -0.9327870607376099,
    1.5140657424926758,
    -4.9881391525268555,
    -3.0459280014038086
  ],
  "mat_model_path": "data/cifar10.mat.xz",
  "device": "cpu",
  "argv_options": [
    "--no-gap",
    "--cpu",
    "--log-file"
  ]
}