{
  "label": 7,
  "gap": 0.0,
  "eps": 0.00784313725490196,
  "verify": {
    "ObjectiveBound": 1e+100,
    "ObjectiveValue": NaN,
    "PredictedIndex": 8,
    "SolveStatus": "InfeasibleOrUnbounded",
    "SolveTime": 4.727895021438599,
    "TotalTime": 22.850182434,
    "robust": true,
    "status_known": true
  },
  "test_acc": 0.5874,
  "adv_out_score": [
    -1.9401092529296875,
    -2.3283393383026123,
    0.6137922406196594,
    -1.1788878440856934,
    1.0720489025115967,
    -0.7192525267601013,
    -0.8803602457046509,
    1.0720505714416504,
    -4.879087924957275,
    -3.1597859859466553
  ],
  "adv_out_score_mm": [
    -1.9401092529296875,
    -2.3283400535583496,
    0.6137927174568176,
    -1.1788873672485352,
    1.0720494985580444,
    -0.719252347946167,
    -0.88036048412323,
    1.0720493793487549,
    -4.879088401794434,
    -3.1597859859466553
  ],
  "inp_out_score": [
    -1.9703375101089478,
    -2.251830816268921,
    0.4981403946876526,
    -1.1681854724884033,
    1.0086454153060913,
    -0.6266366839408875,
    -0.9327868223190308,
    1.5140658617019653,
    -4.988138675689697,
    -3.045928478240967
  ],
  "mat_model_path": "data/cifar10.mat.xz",
  "device": "cuda",
  "argv_options": [
    "--no-gap",
    "--mm",
    "--log-file"
  ]
}