{
  "label": 7,
  "gap": -5.035213104931513e-08,
  "eps": 0.00784313725490196,
  "verify": {
    "ObjectiveBound": 1e+100,
    "ObjectiveValue": NaN,
    "PredictedIndex": 8,
    "SolveStatus": "InfeasibleOrUnbounded",
    "SolveTime": 4.312152147293091,
    "TotalTime": 21.783306664,
    "robust": true,
    "status_known": true
  },
  "test_acc": 0.5874,
  "adv_out_score": [
    -1.9401079416275024,
    -2.328340530395508,
    0.6137937307357788,
    -1.1788872480392456,
    1.0720503330230713,
    -0.7192519307136536,
    -0.88036048412323,
    1.0720512866973877,
    -4.879089832305908,
    -3.1597869396209717
  ],
  "adv_out_score_mm": [
    -1.9401097297668457,
    -2.3283400535583496,
    0.6137923002243042,
    -1.1788874864578247,
    1.0720500946044922,
    -0.7192522287368774,
    -0.8803595304489136,
    1.0720484256744385,
    -4.879087924957275,
    -3.1597867012023926
  ],
  "inp_out_score": [
    -1.9703369140625,
    -2.251830577850342,
    0.49813979864120483,
    -1.1681852340698242,
    1.0086441040039062,
    -0.6266363859176636,
    -0.9327870607376099,
    1.5140657424926758,
    -4.9881391525268555,
    -3.0459280014038086
  ],
  "mat_model_path": "data/cifar10.mat.xz",
  "device": "cpu",
  "argv_options": [
    "--cpu",
    "--mm",
    "--log-file"
  ]
}