{
  "label": 7,
  "gap": 0.0,
  "eps": 0.00784313725490196,
  "verify": {
    "ObjectiveBound": 1e+100,
    "ObjectiveValue": NaN,
    "PredictedIndex": 8,
    "SolveStatus": "InfeasibleOrUnbounded",
    "SolveTime": 5.79032301902771,
    "TotalTime": 26.197664731,
    "robust": true,
    "status_known": true
  },
  "test_acc": 0.5874,
  "adv_out_score": [
    -1.9401075839996338,
    -2.328340768814087,
    0.6137931942939758,
    -1.1788878440856934,
    1.072049856185913,
    -0.7192517518997192,
    -0.8803597688674927,
    1.072050929069519,
    -4.87908935546875,
    -3.159787178039551
  ],
  "adv_out_score_mm": [
    -1.940110206604004,
    -2.328339099884033,
    0.6137917637825012,
    -1.1788876056671143,
    1.072049617767334,
    -0.719252347946167,
    -0.8803608417510986,
    1.0720484256744385,
    -4.879086971282959,
    -3.159785747528076
  ],
  "inp_out_score": [
    -1.9703369140625,
    -2.251830577850342,
    0.49813979864120483,
    -1.1681852340698242,
    1.0086441040039062,
    -0.6266363859176636,
    -0.9327870607376099,
    1.5140657424926758,
    -4.9881391525268555,
    -3.0459280014038086
  ],
  "mat_model_path": "data/cifar10.mat.xz",
  "device": "cpu",
  "argv_options": [
    "--no-gap",
    "--cpu",
    "--mm",
    "--log-file"
  ]
}