{
  "label": 7,
  "gap": 0.0,
  "eps": 0.00784313725490196,
  "verify": {
    "ObjectiveBound": 1e+100,
    "ObjectiveValue": NaN,
    "PredictedIndex": 8,
    "SolveStatus": "InfeasibleOrUnbounded",
    "SolveTime": 4.602354049682617,
    "TotalTime": 22.324700656,
    "robust": true,
    "status_known": true
  },
  "test_acc": 0.5874,
  "adv_out_score": [
    -1.9401097297668457,
    -2.3283393383026123,
    0.6137923002243042,
    -1.178888201713562,
    1.0720497369766235,
    -0.7192526459693909,
    -0.8803607225418091,
    1.072049617767334,
    -4.879087924957275,
    -3.1597859859466553
  ],
  "adv_out_score_mm": [
    -1.940109133720398,
    -2.3283393383026123,
    0.6137921214103699,
    -1.1788876056671143,
    1.0720490217208862,
    -0.7192525863647461,
    -0.88036048412323,
    1.0720503330230713,
    -4.879088401794434,
    -3.159785032272339
  ],
  "inp_out_score": [
    -1.9703375101089478,
    -2.251830816268921,
    0.4981403946876526,
    -1.1681854724884033,
    1.0086454153060913,
    -0.6266366839408875,
    -0.9327868223190308,
    1.5140658617019653,
    -4.988138675689697,
    -3.045928478240967
  ],
  "mat_model_path": "data/cifar10.mat.xz",
  "device": "cuda",
  "argv_options": [
    "--no-gap",
    "--stable",
    "--log-file"
  ]
}