{
  "label": 7,
  "gap": 0.0,
  "eps": 0.00784313725490196,
  "verify": {
    "ObjectiveBound": 1e+100,
    "ObjectiveValue": NaN,
    "PredictedIndex": 8,
    "SolveStatus": "InfeasibleOrUnbounded",
    "SolveTime": 4.660144090652466,
    "TotalTime": 25.480541738,
    "robust": true,
    "status_known": true
  },
  "test_acc": 0.5874,
  "adv_out_score": [
    -1.9401546716690063,
    -2.328310012817383,
    0.6139137148857117,
    -1.1789069175720215,
    1.0720884799957275,
    -0.7193030714988708,
    -0.8803015947341919,
    1.0718480348587036,
    -4.8790507316589355,
    -3.1599059104919434
  ],
  "adv_out_score_mm": [
    -1.9401098489761353,
    -2.328338861465454,
    0.6137923002243042,
    -1.1788873672485352,
    1.0720487833023071,
    -0.7192520499229431,
    -0.8803598880767822,
    1.0720508098602295,
    -4.879087924957275,
    -3.159785032272339
  ],
  "inp_out_score": [
    -1.9703505039215088,
    -2.2518413066864014,
    0.49810367822647095,
    -1.168147087097168,
    1.0086214542388916,
    -0.6265963315963745,
    -0.9327540397644043,
    1.5141218900680542,
    -4.988142490386963,
    -3.04590106010437
  ],
  "mat_model_path": "data/cifar10.mat.xz",
  "device": "cuda",
  "argv_options": [
    "--no-gap",
    "--log-file"
  ]
}