{
  "label": 7,
  "gap": -5.035213104931513e-08,
  "eps": 0.00784313725490196,
  "verify": {
    "ObjectiveBound": 1e+100,
    "ObjectiveValue": NaN,
    "PredictedIndex": 8,
    "SolveStatus": "InfeasibleOrUnbounded",
    "SolveTime": 5.895981073379517,
    "TotalTime": 24.615617504,
    "robust": true,
    "status_known": true
  },
  "test_acc": 0.5874,
  "adv_out_score": [
    -1.9401073455810547,
    -2.328340530395508,
    0.6137934327125549,
    -1.1788873672485352,
    1.0720508098602295,
    -0.7192519903182983,
    -0.8803608417510986,
    1.0720490217208862,
    -4.879088878631592,
    -3.1597867012023926
  ],
  "adv_out_score_mm": [
    -1.940109372138977,
    -2.328339099884033,
    0.6137917041778564,
    -1.1788876056671143,
    1.0720493793487549,
    -0.7192527055740356,
    -0.88036048412323,
    1.0720499753952026,
    -4.879087448120117,
    -3.159785747528076
  ],
  "inp_out_score": [
    -1.9703369140625,
    -2.251830577850342,
    0.49813979864120483,
    -1.1681852340698242,
    1.0086441040039062,
    -0.6266363859176636,
    -0.9327870607376099,
    1.5140657424926758,
    -4.9881391525268555,
    -3.0459280014038086
  ],
  "mat_model_path": "data/cifar10.mat.xz",
  "device": "cpu",
  "argv_options": [
    "--cpu",
    "--log-file"
  ]
}