{
  "label": 7,
  "gap": -5.035213104931513e-08,
  "eps": 0.00784313725490196,
  "verify": {
    "ObjectiveBound": 1e+100,
    "ObjectiveValue": NaN,
    "PredictedIndex": 8,
    "SolveStatus": "InfeasibleOrUnbounded",
    "SolveTime": 4.349982023239136,
    "TotalTime": 22.190532249,
    "robust": true,
    "status_known": true
  },
  "test_acc": 0.5874,
  "adv_out_score": [
    -1.9400815963745117,
    -2.32830810546875,
    0.6139007210731506,
    -1.1788830757141113,
    1.072079062461853,
    -0.7193077802658081,
    -0.8803703784942627,
    1.0717962980270386,
    -4.878994941711426,
    -3.159924268722534
  ],
  "adv_out_score_mm": [
    -1.9401094913482666,
    -2.3283393383026123,
    0.6137924194335938,
    -1.1788873672485352,
    1.0720489025115967,
    -0.7192518711090088,
    -0.8803610801696777,
    1.0720502138137817,
    -4.879088401794434,
    -3.159785270690918
  ],
  "inp_out_score": [
    -1.9703505039215088,
    -2.2518413066864014,
    0.49810367822647095,
    -1.168147087097168,
    1.0086214542388916,
    -0.6265963315963745,
    -0.9327540397644043,
    1.5141218900680542,
    -4.988142490386963,
    -3.04590106010437
  ],
  "mat_model_path": "data/cifar10.mat.xz",
  "device": "cuda",
  "argv_options": [
    "--log-file"
  ]
}