{
  "label": 8,
  "gap": 0.0,
  "eps": 0.00784313725490196,
  "verify": {
    "ObjectiveBound": 1e+100,
    "ObjectiveValue": NaN,
    "PredictedIndex": 9,
    "SolveStatus": "InfeasibleOrUnbounded",
    "SolveTime": 7.836274862289429,
    "TotalTime": 25.968032309,
    "robust": true,
    "status_known": true
  },
  "test_acc": 0.5874,
  "adv_out_score": [
    -2.6991360187530518,
    -2.456108570098877,
    -2.111959218978882,
    -0.7941283583641052,
    -1.4936611652374268,
    -1.4090291261672974,
    0.026701606810092926,
    -4.006786823272705,
    0.026007026433944702,
    -1.0274405479431152
  ],
  "adv_out_score_mm": [
    -2.699045419692993,
    -2.456000566482544,
    -2.1120848655700684,
    -0.7942031025886536,
    -1.4938390254974365,
    -1.4092048406600952,
    0.026399821043014526,
    -4.006712913513184,
    0.026403188705444336,
    -1.0273288488388062
  ],
  "inp_out_score": [
    -2.5431594848632812,
    -2.1859374046325684,
    -2.276319980621338,
    -0.9523144364356995,
    -1.6384996175765991,
    -1.61328125,
    -0.33832570910453796,
    -4.196373462677002,
    0.5037039518356323,
    -0.8615917563438416
  ],
  "mat_model_path": "data/cifar10.mat.xz",
  "device": "cuda",
  "argv_options": [
    "--no-gap",
    "--log-file"
  ]
}