{
  "label": 8,
  "gap": 0.0,
  "eps": 0.00784313725490196,
  "verify": {
    "ObjectiveBound": 1e+100,
    "ObjectiveValue": NaN,
    "PredictedIndex": 9,
    "SolveStatus": "InfeasibleOrUnbounded",
    "SolveTime": 8.715816974639893,
    "TotalTime": 30.845689625,
    "robust": true,
    "status_known": true
  },
  "test_acc": 0.5874,
  "adv_out_score": [
    -2.699045181274414,
    -2.4560000896453857,
    -2.1120851039886475,
    -0.7942030429840088,
    -1.4938392639160156,
    -1.4092049598693848,
    0.026399604976177216,
    -4.006712913513184,
    0.026403367519378662,
    -1.027328610420227
  ],
  "adv_out_score_mm": [
    -2.699045419692993,
    -2.456001043319702,
    -2.1120846271514893,
    -0.7942028641700745,
    -1.4938383102416992,
    -1.4092047214508057,
    0.02640148252248764,
    -4.006712436676025,
    0.026401251554489136,
    -1.0273298025131226
  ],
  "inp_out_score": [
    -2.5431277751922607,
    -2.185936689376831,
    -2.276339054107666,
    -0.9523239731788635,
    -1.6385694742202759,
    -1.6133067607879639,
    -0.3382692039012909,
    -4.196371555328369,
    0.5036526918411255,
    -0.8615227341651917
  ],
  "mat_model_path": "data/cifar10.mat.xz",
  "device": "cuda",
  "argv_options": [
    "--no-gap",
    "--mm",
    "--log-file"
  ]
}