{
  "label": 8,
  "gap": -2.674762234728477e-07,
  "eps": 0.00784313725490196,
  "verify": {
    "ObjectiveBound": 1e+100,
    "ObjectiveValue": NaN,
    "PredictedIndex": 9,
    "SolveStatus": "InfeasibleOrUnbounded",
    "SolveTime": 6.563445806503296,
    "TotalTime": 29.361148054,
    "robust": true,
    "status_known": true
  },
  "test_acc": 0.5874,
  "adv_out_score": [
    -2.6990458965301514,
    -2.456000328063965,
    -2.1120851039886475,
    -0.794202983379364,
    -1.4938387870788574,
    -1.4092044830322266,
    0.02640029788017273,
    -4.0067138671875,
    0.02640300989151001,
    -1.0273290872573853
  ],
  "adv_out_score_mm": [
    -2.699045419692993,
    -2.4560019969940186,
    -2.11208438873291,
    -0.7942025065422058,
    -1.4938385486602783,
    -1.4092049598693848,
    0.02640131115913391,
    -4.006712436676025,
    0.026400744915008545,
    -1.0273288488388062
  ],
  "inp_out_score": [
    -2.5431277751922607,
    -2.185936450958252,
    -2.276338815689087,
    -0.9523245692253113,
    -1.6385693550109863,
    -1.6133073568344116,
    -0.33826932311058044,
    -4.1963701248168945,
    0.5036527514457703,
    -0.8615235686302185
  ],
  "mat_model_path": "data/cifar10.mat.xz",
  "device": "cpu",
  "argv_options": [
    "--cpu",
    "--mm",
    "--log-file"
  ]
}