{
  "label": 8,
  "gap": -2.674762234728477e-07,
  "eps": 0.00784313725490196,
  "verify": {
    "ObjectiveBound": 1e+100,
    "ObjectiveValue": NaN,
    "PredictedIndex": 9,
    "SolveStatus": "InfeasibleOrUnbounded",
    "SolveTime": 5.463613033294678,
    "TotalTime": 22.227251891,
    "robust": true,
    "status_known": true
  },
  "test_acc": 0.5874,
  "adv_out_score": [
    -2.6991493701934814,
    -2.4560670852661133,
    -2.1120240688323975,
    -0.79416424036026,
    -1.4937227964401245,
    -1.4090973138809204,
    0.02669072151184082,
    -4.006630897521973,
    0.026048511266708374,
    -1.0274289846420288
  ],
  "adv_out_score_mm": [
    -2.6990456581115723,
    -2.456001043319702,
    -2.1120846271514893,
    -0.7942027449607849,
    -1.4938390254974365,
    -1.4092046022415161,
    0.02639993280172348,
    -4.006712913513184,
    0.026402264833450317,
    -1.0273295640945435
  ],
  "inp_out_score": [
    -2.5431594848632812,
    -2.1859374046325684,
    -2.276319980621338,
    -0.9523144364356995,
    -1.6384996175765991,
    -1.61328125,
    -0.33832570910453796,
    -4.196373462677002,
    0.5037037134170532,
    -0.8615917563438416
  ],
  "mat_model_path": "data/cifar10.mat.xz",
  "device": "cuda",
  "argv_options": [
    "--log-file"
  ]
}