{
  "label": 8,
  "gap": 0.0,
  "eps": 0.00784313725490196,
  "verify": {
    "ObjectiveBound": 1e+100,
    "ObjectiveValue": NaN,
    "PredictedIndex": 9,
    "SolveStatus": "InfeasibleOrUnbounded",
    "SolveTime": 6.879804849624634,
    "TotalTime": 22.447636406,
    "robust": true,
    "status_known": true
  },
  "test_acc": 0.5874,
  "adv_out_score": [
    -2.6990458965301514,
    -2.456000566482544,
    -2.11208438873291,
    -0.7942028045654297,
    -1.4938383102416992,
    -1.409204363822937,
    0.02640017867088318,
    -4.0067138671875,
    0.0264032781124115,
    -1.0273293256759644
  ],
  "adv_out_score_mm": [
    -2.6990458965301514,
    -2.4560017585754395,
    -2.11208438873291,
    -0.7942026257514954,
    -1.4938392639160156,
    -1.4092046022415161,
    0.02640131115913391,
    -4.006712436676025,
    0.026401132345199585,
    -1.0273290872573853
  ],
  "inp_out_score": [
    -2.5431277751922607,
    -2.185936450958252,
    -2.276338815689087,
    -0.9523245692253113,
    -1.6385693550109863,
    -1.6133073568344116,
    -0.33826932311058044,
    -4.1963701248168945,
    0.5036530494689941,
    -0.8615235686302185
  ],
  "mat_model_path": "data/cifar10.mat.xz",
  "device": "cpu",
  "argv_options": [
    "--no-gap",
    "--cpu",
    "--mm",
    "--log-file"
  ]
}