{
  "label": 6,
  "gap": -3.801749784831885e-07,
  "eps": 0.00784313725490196,
  "verify": {
    "ObjectiveBound": 1e+100,
    "ObjectiveValue": NaN,
    "PredictedIndex": 7,
    "SolveStatus": "InfeasibleOrUnbounded",
    "SolveTime": 40.340693950653076,
    "TotalTime": 62.314613086,
    "robust": true,
    "status_known": true
  },
  "test_acc": 0.5874,
  "adv_out_score": [
    -2.1048567295074463,
    -3.1306018829345703,
    -0.09781809151172638,
    0.460435152053833,
    -0.2879693806171417,
    -1.3837883472442627,
    0.4604361653327942,
    -2.7308707237243652,
    -2.870439291000366,
    -4.3426408767700195
  ],
  "adv_out_score_mm": [
    -2.104856491088867,
    -3.1306021213531494,
    -0.09781847894191742,
    0.46043604612350464,
    -0.2879696190357208,
    -1.3837878704071045,
    0.46043577790260315,
    -2.730870246887207,
    -2.8704395294189453,
    -4.342640399932861
  ],
  "inp_out_score": [
    -2.1674256324768066,
    -3.1302871704101562,
    -0.16431768238544464,
    0.28842777013778687,
    -0.3261493742465973,
    -1.5584275722503662,
    0.7416314482688904,
    -2.76423978805542,
    -2.8743791580200195,
    -4.353461265563965
  ],
  "mat_model_path": "data/cifar10.mat.xz",
  "device": "cuda",
  "argv_options": [
    "--mm",
    "--log-file"
  ]
}