{
  "label": 6,
  "gap": -3.801749784831885e-07,
  "eps": 0.00784313725490196,
  "verify": {
    "ObjectiveBound": 1e+100,
    "ObjectiveValue": NaN,
    "PredictedIndex": 7,
    "SolveStatus": "InfeasibleOrUnbounded",
    "SolveTime": 39.46683382987976,
    "TotalTime": 60.186410044,
    "robust": true,
    "status_known": true
  },
  "test_acc": 0.5874,
  "adv_out_score": [
    -2.104804754257202,
    -3.1305649280548096,
    -0.09785290062427521,
    0.460426926612854,
    -0.28799667954444885,
    -1.3838121891021729,
    0.4603653848171234,
    -2.730855941772461,
    -2.870401382446289,
    -4.34260892868042
  ],
  "adv_out_score_mm": [
    -2.104856252670288,
    -3.130601406097412,
    -0.09781880676746368,
    0.4604353904724121,
    -0.28797027468681335,
    -1.3837883472442627,
    0.46043676137924194,
    -2.7308707237243652,
    -2.8704395294189453,
    -4.342640399932861
  ],
  "inp_out_score": [
    -2.167390823364258,
    -3.1303327083587646,
    -0.16427581012248993,
    0.28842902183532715,
    -0.3261461555957794,
    -1.5584216117858887,
    0.7416632771492004,
    -2.764277458190918,
    -2.8744120597839355,
    -4.353506088256836
  ],
  "mat_model_path": "data/cifar10.mat.xz",
  "device": "cuda",
  "argv_options": [
    "--log-file"
  ]
}