{
  "label": 6,
  "gap": -3.801749784831885e-07,
  "eps": 0.00784313725490196,
  "verify": {
    "ObjectiveBound": 1e+100,
    "ObjectiveValue": NaN,
    "PredictedIndex": 7,
    "SolveStatus": "InfeasibleOrUnbounded",
    "SolveTime": 34.75211787223816,
    "TotalTime": 52.90655775,
    "robust": true,
    "status_known": true
  },
  "test_acc": 0.5874,
  "adv_out_score": [
    -2.1048576831817627,
    -3.130601406097412,
    -0.09781821072101593,
    0.46043533086776733,
    -0.28797009587287903,
    -1.3837876319885254,
    0.46043717861175537,
    -2.7308707237243652,
    -2.8704395294189453,
    -4.342640399932861
  ],
  "adv_out_score_mm": [
    -2.104856252670288,
    -3.1306018829345703,
    -0.09781964123249054,
    0.46043628454208374,
    -0.28797057271003723,
    -1.3837878704071045,
    0.46043485403060913,
    -2.730870246887207,
    -2.870438575744629,
    -4.342640399932861
  ],
  "inp_out_score": [
    -2.167426586151123,
    -3.130288600921631,
    -0.1643182784318924,
    0.28842848539352417,
    -0.32614949345588684,
    -1.5584264993667603,
    0.7416324019432068,
    -2.76423978805542,
    -2.8743784427642822,
    -4.353461742401123
  ],
  "mat_model_path": "data/cifar10.mat.xz",
  "device": "cpu",
  "argv_options": [
    "--cpu",
    "--mm",
    "--log-file"
  ]
}