{
  "label": 6,
  "gap": 0.0,
  "eps": 0.00784313725490196,
  "verify": {
    "ObjectiveBound": 1e+100,
    "ObjectiveValue": NaN,
    "PredictedIndex": 7,
    "SolveStatus": "InfeasibleOrUnbounded",
    "SolveTime": 37.697731018066406,
    "TotalTime": 58.21612111,
    "robust": true,
    "status_known": true
  },
  "test_acc": 0.5874,
  "adv_out_score": [
    -2.1048572063446045,
    -3.1306021213531494,
    -0.09781832993030548,
    0.46043580770492554,
    -0.28797009587287903,
    -1.3837872743606567,
    0.4604373872280121,
    -2.730870246887207,
    -2.870439052581787,
    -4.342639923095703
  ],
  "adv_out_score_mm": [
    -2.1048572063446045,
    -3.1306018829345703,
    -0.09781952202320099,
    0.46043628454208374,
    -0.28797009587287903,
    -1.3837883472442627,
    0.4604355990886688,
    -2.730869770050049,
    -2.8704380989074707,
    -4.342640399932861
  ],
  "inp_out_score": [
    -2.167426586151123,
    -3.130288600921631,
    -0.1643182784318924,
    0.28842848539352417,
    -0.32614949345588684,
    -1.5584264993667603,
    0.7416328191757202,
    -2.76423978805542,
    -2.8743784427642822,
    -4.353461742401123
  ],
  "mat_model_path": "data/cifar10.mat.xz",
  "device": "cpu",
  "argv_options": [
    "--no-gap",
    "--cpu",
    "--mm",
    "--log-file"
  ]
}