{
  "label": 6,
  "gap": 0.0,
  "eps": 0.00784313725490196,
  "verify": {
    "ObjectiveBound": 1e+100,
    "ObjectiveValue": NaN,
    "PredictedIndex": 7,
    "SolveStatus": "InfeasibleOrUnbounded",
    "SolveTime": 36.08233404159546,
    "TotalTime": 56.066393488,
    "robust": true,
    "status_known": true
  },
  "test_acc": 0.5874,
  "adv_out_score": [
    -2.104816198348999,
    -3.1305344104766846,
    -0.0978851467370987,
    0.46042120456695557,
    -0.2880042493343353,
    -1.3838205337524414,
    0.46033480763435364,
    -2.730827808380127,
    -2.8703596591949463,
    -4.342564582824707
  ],
  "adv_out_score_mm": [
    -2.104856491088867,
    -3.1306018829345703,
    -0.09781898558139801,
    0.46043503284454346,
    -0.2879703938961029,
    -1.3837891817092896,
    0.46043795347213745,
    -2.7308716773986816,
    -2.870439052581787,
    -4.342640399932861
  ],
  "inp_out_score": [
    -2.167390823364258,
    -3.1303327083587646,
    -0.16427581012248993,
    0.28842902183532715,
    -0.3261461555957794,
    -1.5584216117858887,
    0.7416636943817139,
    -2.764277458190918,
    -2.8744120597839355,
    -4.353506088256836
  ],
  "mat_model_path": "data/cifar10.mat.xz",
  "device": "cuda",
  "argv_options": [
    "--no-gap",
    "--log-file"
  ]
}