{
  "label": 9,
  "gap": 0.0,
  "eps": 0.00784313725490196,
  "verify": {
    "ObjectiveBound": 1e+100,
    "ObjectiveValue": NaN,
    "PredictedIndex": 10,
    "SolveStatus": "InfeasibleOrUnbounded",
    "SolveTime": 24.967446088790894,
    "TotalTime": 48.928893061,
    "robust": true,
    "status_known": true
  },
  "test_acc": 0.5874,
  "adv_out_score": [
    -2.6805672645568848,
    -1.4921849966049194,
    -1.093714714050293,
    -0.5712997913360596,
    -1.5475938320159912,
    -1.9101121425628662,
    -1.3111764192581177,
    -3.20700740814209,
    -1.0386543273925781,
    -0.5712979435920715
  ],
  "adv_out_score_mm": [
    -2.680567979812622,
    -1.4921859502792358,
    -1.0937145948410034,
    -0.5712988972663879,
    -1.5475938320159912,
    -1.910111665725708,
    -1.3111755847930908,
    -3.2070069313049316,
    -1.0386545658111572,
    -0.5712990164756775
  ],
  "inp_out_score": [
    -2.5278408527374268,
    -1.0100294351577759,
    -1.2528626918792725,
    -0.7923657298088074,
    -1.8149157762527466,
    -2.141178846359253,
    -1.6055879592895508,
    -3.2905707359313965,
    -0.9467498064041138,
    -0.08816101402044296
  ],
  "mat_model_path": "data/cifar10.mat.xz",
  "device": "cuda",
  "argv_options": [
    "--no-gap",
    "--mm",
    "--log-file"
  ]
}