{
  "label": 9,
  "gap": 0.0,
  "eps": 0.00784313725490196,
  "verify": {
    "ObjectiveBound": 1e+100,
    "ObjectiveValue": NaN,
    "PredictedIndex": 10,
    "SolveStatus": "InfeasibleOrUnbounded",
    "SolveTime": 24.969411849975586,
    "TotalTime": 44.121854725,
    "robust": true,
    "status_known": true
  },
  "test_acc": 0.5874,
  "adv_out_score": [
    -2.6806576251983643,
    -1.4923806190490723,
    -1.0935243368148804,
    -0.5711241960525513,
    -1.547454833984375,
    -1.910001277923584,
    -1.3111244440078735,
    -3.207001209259033,
    -1.0387423038482666,
    -0.571506679058075
  ],
  "adv_out_score_mm": [
    -2.6805672645568848,
    -1.4921845197677612,
    -1.0937153100967407,
    -0.5713003277778625,
    -1.5475938320159912,
    -1.9101121425628662,
    -1.31117582321167,
    -3.2070064544677734,
    -1.0386542081832886,
    -0.5712974667549133
  ],
  "inp_out_score": [
    -2.52781081199646,
    -1.0099387168884277,
    -1.2528976202011108,
    -0.7923879027366638,
    -1.8148958683013916,
    -2.141206979751587,
    -1.6056557893753052,
    -3.290538787841797,
    -0.9466836452484131,
    -0.08812030404806137
  ],
  "mat_model_path": "data/cifar10.mat.xz",
  "device": "cuda",
  "argv_options": [
    "--log-file"
  ]
}