{
  "label": 9,
  "gap": 0.0,
  "eps": 0.00784313725490196,
  "verify": {
    "ObjectiveBound": 1e+100,
    "ObjectiveValue": NaN,
    "PredictedIndex": 10,
    "SolveStatus": "InfeasibleOrUnbounded",
    "SolveTime": 27.373958110809326,
    "TotalTime": 53.018643946,
    "robust": true,
    "status_known": true
  },
  "test_acc": 0.5874,
  "adv_out_score": [
    -2.680567979812622,
    -1.4921863079071045,
    -1.0937141180038452,
    -0.5712988972663879,
    -1.547593355178833,
    -1.910111904144287,
    -1.31117582321167,
    -3.207007884979248,
    -1.03865385055542,
    -0.5712994933128357
  ],
  "adv_out_score_mm": [
    -2.680567502975464,
    -1.4921849966049194,
    -1.0937155485153198,
    -0.5713000297546387,
    -1.547593116760254,
    -1.9101121425628662,
    -1.3111766576766968,
    -3.207007884979248,
    -1.0386533737182617,
    -0.5712975263595581
  ],
  "inp_out_score": [
    -2.527841329574585,
    -1.010030746459961,
    -1.252862572669983,
    -0.7923651337623596,
    -1.8149161338806152,
    -2.1411783695220947,
    -1.6055867671966553,
    -3.290569305419922,
    -0.9467501640319824,
    -0.0881611630320549
  ],
  "mat_model_path": "data/cifar10.mat.xz",
  "device": "cpu",
  "argv_options": [
    "--no-gap",
    "--cpu",
    "--log-file"
  ]
}