{
  "label": 9,
  "gap": 0.0,
  "eps": 0.00784313725490196,
  "verify": {
    "ObjectiveBound": 1e+100,
    "ObjectiveValue": NaN,
    "PredictedIndex": 10,
    "SolveStatus": "InfeasibleOrUnbounded",
    "SolveTime": 22.143372058868408,
    "TotalTime": 43.574320619,
    "robust": true,
    "status_known": true
  },
  "test_acc": 0.5874,
  "adv_out_score": [
    -2.680567502975464,
    -1.4921860694885254,
    -1.0937143564224243,
    -0.5712988376617432,
    -1.547593593597412,
    -1.910111904144287,
    -1.3111754655838013,
    -3.207007884979248,
    -1.0386542081832886,
    -0.5712993741035461
  ],
  "adv_out_score_mm": [
    -2.6805670261383057,
    -1.4921848773956299,
    -1.0937156677246094,
    -0.5712999105453491,
    -1.5475940704345703,
    -1.9101126194000244,
    -1.3111770153045654,
    -3.207007884979248,
    -1.0386528968811035,
    -0.5712974071502686
  ],
  "inp_out_score": [
    -2.527841329574585,
    -1.010030746459961,
    -1.252862572669983,
    -0.7923651337623596,
    -1.8149161338806152,
    -2.1411783695220947,
    -1.6055867671966553,
    -3.290569305419922,
    -0.9467501640319824,
    -0.0881611630320549
  ],
  "mat_model_path": "data/cifar10.mat.xz",
  "device": "cpu",
  "argv_options": [
    "--cpu",
    "--log-file"
  ]
}