{
  "label": 9,
  "gap": 0.0,
  "eps": 0.00784313725490196,
  "verify": {
    "ObjectiveBound": 1e+100,
    "ObjectiveValue": NaN,
    "PredictedIndex": 10,
    "SolveStatus": "InfeasibleOrUnbounded",
    "SolveTime": 27.232626914978027,
    "TotalTime": 46.327852132,
    "robust": true,
    "status_known": true
  },
  "test_acc": 0.5874,
  "adv_out_score": [
    -2.680560350418091,
    -1.4923131465911865,
    -1.0935907363891602,
    -0.5711273550987244,
    -1.5475101470947266,
    -1.9100806713104248,
    -1.3111845254898071,
    -3.2069754600524902,
    -1.0385833978652954,
    -0.5714268684387207
  ],
  "adv_out_score_mm": [
    -2.6805672645568848,
    -1.4921849966049194,
    -1.093714952468872,
    -0.5713000893592834,
    -1.5475938320159912,
    -1.9101122617721558,
    -1.3111761808395386,
    -3.2070064544677734,
    -1.038654088973999,
    -0.571297287940979
  ],
  "inp_out_score": [
    -2.52781081199646,
    -1.0099387168884277,
    -1.2528976202011108,
    -0.7923879027366638,
    -1.8148958683013916,
    -2.141206979751587,
    -1.6056557893753052,
    -3.290538787841797,
    -0.9466836452484131,
    -0.08812030404806137
  ],
  "mat_model_path": "data/cifar10.mat.xz",
  "device": "cuda",
  "argv_options": [
    "--no-gap",
    "--log-file"
  ]
}