{
  "label": 0,
  "gap": 0.0,
  "eps": 0.00784313725490196,
  "verify": {
    "ObjectiveBound": 1e+100,
    "ObjectiveValue": NaN,
    "PredictedIndex": 1,
    "SolveStatus": "InfeasibleOrUnbounded",
    "SolveTime": 6.70920991897583,
    "TotalTime": 26.735104021,
    "robust": true,
    "status_known": true
  },
  "test_acc": 0.5874,
  "adv_out_score": [
    -0.6670810580253601,
    -1.147802710533142,
    -0.6665276288986206,
    -2.361044406890869,
    -1.7702871561050415,
    -2.8764231204986572,
    -1.67184579372406,
    -1.9379154443740845,
    -3.229705572128296,
    -3.135032892227173
  ],
  "adv_out_score_mm": [
    -0.6667701601982117,
    -1.1476304531097412,
    -0.6667724251747131,
    -2.3612561225891113,
    -1.7704312801361084,
    -2.8766682147979736,
    -1.6720565557479858,
    -1.9379724264144897,
    -3.229290008544922,
    -3.134866237640381
  ],
  "inp_out_score": [
    -0.2573337256908417,
    -0.9876669049263,
    -0.8347363471984863,
    -2.5653560161590576,
    -1.83301842212677,
    -3.1057865619659424,
    -1.86355721950531,
    -1.9302295446395874,
    -3.1738648414611816,
    -3.039604663848877
  ],
  "mat_model_path": "data/cifar10.mat.xz",
  "device": "cuda",
  "argv_options": [
    "--no-gap",
    "--log-file"
  ]
}