{
  "label": 0,
  "gap": -2.1042731909882675e-07,
  "eps": 0.00784313725490196,
  "verify": {
    "ObjectiveBound": 1e+100,
    "ObjectiveValue": NaN,
    "PredictedIndex": 1,
    "SolveStatus": "InfeasibleOrUnbounded",
    "SolveTime": 6.678942918777466,
    "TotalTime": 23.373923431,
    "robust": true,
    "status_known": true
  },
  "test_acc": 0.5874,
  "adv_out_score": [
    -0.6667718291282654,
    -1.147629976272583,
    -0.6667717099189758,
    -2.3612561225891113,
    -1.7704309225082397,
    -2.8766677379608154,
    -1.6720572710037231,
    -1.9379726648330688,
    -3.22929048538208,
    -3.13486647605896
  ],
  "adv_out_score_mm": [
    -0.6667706370353699,
    -1.1476305723190308,
    -0.6667721271514893,
    -2.3612561225891113,
    -1.7704311609268188,
    -2.8766682147979736,
    -1.672057032585144,
    -1.9379721879959106,
    -3.229290008544922,
    -3.1348657608032227
  ],
  "inp_out_score": [
    -0.2573243975639343,
    -0.9875765442848206,
    -0.8348323106765747,
    -2.565373659133911,
    -1.8330227136611938,
    -3.1058263778686523,
    -1.8636425733566284,
    -1.930163025856018,
    -3.173799991607666,
    -3.039494037628174
  ],
  "mat_model_path": "data/cifar10.mat.xz",
  "device": "cuda",
  "argv_options": [
    "--stable",
    "--log-file"
  ]
}