{
  "label": 0,
  "gap": -2.1042731909882675e-07,
  "eps": 0.00784313725490196,
  "verify": {
    "ObjectiveBound": 1e+100,
    "ObjectiveValue": NaN,
    "PredictedIndex": 1,
    "SolveStatus": "InfeasibleOrUnbounded",
    "SolveTime": 6.712554931640625,
    "TotalTime": 23.995728737,
    "robust": true,
    "status_known": true
  },
  "test_acc": 0.5874,
  "adv_out_score": [
    -0.6669723391532898,
    -1.147964358329773,
    -0.6664029955863953,
    -2.36106014251709,
    -1.7702250480651855,
    -2.8764750957489014,
    -1.6718631982803345,
    -1.9380470514297485,
    -3.2296268939971924,
    -3.135136127471924
  ],
  "adv_out_score_mm": [
    -0.666770875453949,
    -1.1476300954818726,
    -0.6667723059654236,
    -2.3612565994262695,
    -1.7704311609268188,
    -2.8766684532165527,
    -1.6720575094223022,
    -1.9379721879959106,
    -3.2292897701263428,
    -3.1348657608032227
  ],
  "inp_out_score": [
    -0.2573339343070984,
    -0.9876669049263,
    -0.8347363471984863,
    -2.5653560161590576,
    -1.83301842212677,
    -3.1057865619659424,
    -1.86355721950531,
    -1.9302295446395874,
    -3.1738648414611816,
    -3.039604663848877
  ],
  "mat_model_path": "data/cifar10.mat.xz",
  "device": "cuda",
  "argv_options": [
    "--log-file"
  ]
}