{
  "label": 0,
  "gap": -2.1042731909882675e-07,
  "eps": 0.00784313725490196,
  "verify": {
    "ObjectiveBound": 1e+100,
    "ObjectiveValue": NaN,
    "PredictedIndex": 1,
    "SolveStatus": "InfeasibleOrUnbounded",
    "SolveTime": 9.342057943344116,
    "TotalTime": 33.213670272,
    "robust": true,
    "status_known": true
  },
  "test_acc": 0.5874,
  "adv_out_score": [
    -0.6667703986167908,
    -1.147629976272583,
    -0.6667724251747131,
    -2.3612561225891113,
    -1.7704311609268188,
    -2.8766682147979736,
    -1.6720573902130127,
    -1.9379714727401733,
    -3.2292892932891846,
    -3.13486647605896
  ],
  "adv_out_score_mm": [
    -0.6667723059654236,
    -1.1476304531097412,
    -0.6667718291282654,
    -2.3612561225891113,
    -1.770431399345398,
    -2.8766682147979736,
    -1.6720565557479858,
    -1.9379719495773315,
    -3.22929048538208,
    -3.1348659992218018
  ],
  "inp_out_score": [
    -0.2573243975639343,
    -0.9875765442848206,
    -0.8348323106765747,
    -2.565373659133911,
    -1.8330227136611938,
    -3.1058263778686523,
    -1.8636425733566284,
    -1.930163025856018,
    -3.173799991607666,
    -3.039494037628174
  ],
  "mat_model_path": "data/cifar10.mat.xz",
  "device": "cuda",
  "argv_options": [
    "--mm",
    "--log-file"
  ]
}