{
  "label": 0,
  "gap": 0.0,
  "eps": 0.00784313725490196,
  "verify": {
    "ObjectiveBound": 1e+100,
    "ObjectiveValue": NaN,
    "PredictedIndex": 1,
    "SolveStatus": "InfeasibleOrUnbounded",
    "SolveTime": 6.71097207069397,
    "TotalTime": 23.516951454,
    "robust": true,
    "status_known": true
  },
  "test_acc": 0.5874,
  "adv_out_score": [
    -0.6667696237564087,
    -1.147629976272583,
    -0.6667723655700684,
    -2.3612568378448486,
    -1.7704312801361084,
    -2.876668691635132,
    -1.6720579862594604,
    -1.9379724264144897,
    -3.2292885780334473,
    -3.134866237640381
  ],
  "adv_out_score_mm": [
    -0.6667719483375549,
    -1.1476298570632935,
    -0.6667711734771729,
    -2.3612568378448486,
    -1.7704315185546875,
    -2.8766677379608154,
    -1.6720579862594604,
    -1.937973141670227,
    -3.2292912006378174,
    -3.1348652839660645
  ],
  "inp_out_score": [
    -0.2573244273662567,
    -0.9875767827033997,
    -0.834832489490509,
    -2.565373182296753,
    -1.8330228328704834,
    -3.105825901031494,
    -1.8636430501937866,
    -1.930163025856018,
    -3.173799753189087,
    -3.039494037628174
  ],
  "mat_model_path": "data/cifar10.mat.xz",
  "device": "cpu",
  "argv_options": [
    "--no-gap",
    "--cpu",
    "--mm",
    "--log-file"
  ]
}