{
  "label": 0,
  "gap": -2.1042731909882675e-07,
  "eps": 0.00784313725490196,
  "verify": {
    "ObjectiveBound": 1e+100,
    "ObjectiveValue": NaN,
    "PredictedIndex": 1,
    "SolveStatus": "InfeasibleOrUnbounded",
    "SolveTime": 10.331501960754395,
    "TotalTime": 33.056207398,
    "robust": true,
    "status_known": true
  },
  "test_acc": 0.5874,
  "adv_out_score": [
    -0.6667701601982117,
    -1.1476300954818726,
    -0.6667723059654236,
    -2.361257314682007,
    -1.7704315185546875,
    -2.8766696453094482,
    -1.6720575094223022,
    -1.9379726648330688,
    -3.2292890548706055,
    -3.134866237640381
  ],
  "adv_out_score_mm": [
    -0.666772186756134,
    -1.147629976272583,
    -0.6667715311050415,
    -2.3612565994262695,
    -1.7704315185546875,
    -2.876668691635132,
    -1.6720576286315918,
    -1.9379726648330688,
    -3.2292909622192383,
    -3.1348652839660645
  ],
  "inp_out_score": [
    -0.2573246359825134,
    -0.9875767827033997,
    -0.834832489490509,
    -2.565373182296753,
    -1.8330228328704834,
    -3.105825901031494,
    -1.8636430501937866,
    -1.930163025856018,
    -3.173799753189087,
    -3.039494037628174
  ],
  "mat_model_path": "data/cifar10.mat.xz",
  "device": "cpu",
  "argv_options": [
    "--cpu",
    "--mm",
    "--log-file"
  ]
}