{
  "label": 0,
  "gap": -4.283243055843392e-07,
  "eps": 0.00784313725490196,
  "verify": {
    "ObjectiveBound": 1e+100,
    "ObjectiveValue": NaN,
    "PredictedIndex": 1,
    "SolveStatus": "InfeasibleOrUnbounded",
    "SolveTime": 3.407938003540039,
    "TotalTime": 22.612209092,
    "robust": true,
    "status_known": true
  },
  "test_acc": 0.5874,
  "adv_out_score": [
    1.692209005355835,
    -2.5891520977020264,
    1.6922062635421753,
    -0.27144724130630493,
    1.1420683860778809,
    -0.41745737195014954,
    -0.09042754769325256,
    -2.8361101150512695,
    -2.850602149963379,
    -3.8991494178771973
  ],
  "adv_out_score_mm": [
    1.6922053098678589,
    -2.589151620864868,
    1.6922065019607544,
    -0.2714473605155945,
    1.1420683860778809,
    -0.41745713353157043,
    -0.09042707085609436,
    -2.8361096382141113,
    -2.850602626800537,
    -3.8991501331329346
  ],
  "inp_out_score": [
    2.0100998878479004,
    -2.372703790664673,
    1.524283528327942,
    -0.3979976773262024,
    1.0387976169586182,
    -0.5877882838249207,
    -0.27644363045692444,
    -2.935819625854492,
    -2.654545783996582,
    -3.705397129058838
  ],
  "mat_model_path": "data/cifar10.mat.xz",
  "device": "cpu",
  "argv_options": [
    "--cpu",
    "--mm",
    "--log-file"
  ]
}