{
  "label": 0,
  "gap": 0.0,
  "eps": 0.00784313725490196,
  "verify": {
    "ObjectiveBound": 1e+100,
    "ObjectiveValue": NaN,
    "PredictedIndex": 1,
    "SolveStatus": "InfeasibleOrUnbounded",
    "SolveTime": 4.2537431716918945,
    "TotalTime": 21.469741194,
    "robust": true,
    "status_known": true
  },
  "test_acc": 0.5874,
  "adv_out_score": [
    1.6919772624969482,
    -2.5893008708953857,
    1.6923295259475708,
    -0.2713339924812317,
    1.1421728134155273,
    -0.41736921668052673,
    -0.0902843177318573,
    -2.8360986709594727,
    -2.850764274597168,
    -3.8992204666137695
  ],
  "adv_out_score_mm": [
    1.6922091245651245,
    -2.589151382446289,
    1.6922060251235962,
    -0.27144789695739746,
    1.1420681476593018,
    -0.4174581468105316,
    -0.09042777121067047,
    -2.8361101150512695,
    -2.850602626800537,
    -3.8991494178771973
  ],
  "inp_out_score": [
    2.010011672973633,
    -2.372711181640625,
    1.5242170095443726,
    -0.3979909420013428,
    1.0387970209121704,
    -0.5877414345741272,
    -0.27631643414497375,
    -2.935793876647949,
    -2.6545538902282715,
    -3.705404281616211
  ],
  "mat_model_path": "data/cifar10.mat.xz",
  "device": "cuda",
  "argv_options": [
    "--no-gap",
    "--log-file"
  ]
}