{
  "label": 0,
  "gap": -4.283243055843392e-07,
  "eps": 0.00784313725490196,
  "verify": {
    "ObjectiveBound": 1e+100,
    "ObjectiveValue": NaN,
    "PredictedIndex": 1,
    "SolveStatus": "InfeasibleOrUnbounded",
    "SolveTime": 5.1627891063690186,
    "TotalTime": 25.721497894,
    "robust": true,
    "status_known": true
  },
  "test_acc": 0.5874,
  "adv_out_score": [
    1.6922065019607544,
    -2.5891525745391846,
    1.6922069787979126,
    -0.27144765853881836,
    1.1420691013336182,
    -0.4174571931362152,
    -0.0904274731874466,
    -2.8361096382141113,
    -2.8506031036376953,
    -3.8991503715515137
  ],
  "adv_out_score_mm": [
    1.692208170890808,
    -2.5891520977020264,
    1.6922065019607544,
    -0.2714475989341736,
    1.1420689821243286,
    -0.4174577295780182,
    -0.0904274731874466,
    -2.8361096382141113,
    -2.8506033420562744,
    -3.8991494178771973
  ],
  "inp_out_score": [
    2.0101003646850586,
    -2.3727035522460938,
    1.5242830514907837,
    -0.39799734950065613,
    1.0387974977493286,
    -0.5877888798713684,
    -0.2764441668987274,
    -2.9358201026916504,
    -2.654545783996582,
    -3.705396890640259
  ],
  "mat_model_path": "data/cifar10.mat.xz",
  "device": "cuda",
  "argv_options": [
    "--stable",
    "--log-file"
  ]
}