{
  "label": 0,
  "gap": 0.0,
  "eps": 0.00784313725490196,
  "verify": {
    "ObjectiveBound": 1e+100,
    "ObjectiveValue": NaN,
    "PredictedIndex": 1,
    "SolveStatus": "InfeasibleOrUnbounded",
    "SolveTime": 3.947567939758301,
    "TotalTime": 21.690960249,
    "robust": true,
    "status_known": true
  },
  "test_acc": 0.5874,
  "adv_out_score": [
    1.6922088861465454,
    -2.5891525745391846,
    1.692205786705017,
    -0.27144700288772583,
    1.1420681476593018,
    -0.4174574315547943,
    -0.09042707085609436,
    -2.8361105918884277,
    -2.850602626800537,
    -3.8991494178771973
  ],
  "adv_out_score_mm": [
    1.6922054290771484,
    -2.589151382446289,
    1.6922065019607544,
    -0.27144747972488403,
    1.14206862449646,
    -0.41745707392692566,
    -0.09042754769325256,
    -2.8361096382141113,
    -2.850602626800537,
    -3.8991498947143555
  ],
  "inp_out_score": [
    2.0101003646850586,
    -2.372703790664673,
    1.524283528327942,
    -0.3979976773262024,
    1.0387976169586182,
    -0.5877882838249207,
    -0.27644363045692444,
    -2.935819625854492,
    -2.654545783996582,
    -3.705397129058838
  ],
  "mat_model_path": "data/cifar10.mat.xz",
  "device": "cpu",
  "argv_options": [
    "--no-gap",
    "--cpu",
    "--mm",
    "--log-file"
  ]
}