{
  "label": 0,
  "gap": -4.283243055843392e-07,
  "eps": 0.00784313725490196,
  "verify": {
    "ObjectiveBound": 1e+100,
    "ObjectiveValue": NaN,
    "PredictedIndex": 1,
    "SolveStatus": "InfeasibleOrUnbounded",
    "SolveTime": 3.5954489707946777,
    "TotalTime": 20.069281069,
    "robust": true,
    "status_known": true
  },
  "test_acc": 0.5874,
  "adv_out_score": [
    1.6919108629226685,
    -2.5892274379730225,
    1.6923519372940063,
    -0.2713463306427002,
    1.142136573791504,
    -0.4173588454723358,
    -0.09027937054634094,
    -2.8362059593200684,
    -2.8507628440856934,
    -3.8992316722869873
  ],
  "adv_out_score_mm": [
    1.6922087669372559,
    -2.5891518592834473,
    1.6922060251235962,
    -0.27144813537597656,
    1.1420683860778809,
    -0.41745808720588684,
    -0.09042762219905853,
    -2.8361096382141113,
    -2.850602149963379,
    -3.8991494178771973
  ],
  "inp_out_score": [
    2.0100111961364746,
    -2.372711181640625,
    1.5242170095443726,
    -0.3979909420013428,
    1.0387970209121704,
    -0.5877414345741272,
    -0.27631643414497375,
    -2.935793876647949,
    -2.6545538902282715,
    -3.705404281616211
  ],
  "mat_model_path": "data/cifar10.mat.xz",
  "device": "cuda",
  "argv_options": [
    "--log-file"
  ]
}