{
  "label": 0,
  "gap": 0.0,
  "eps": 0.00784313725490196,
  "verify": {
    "ObjectiveBound": 1e+100,
    "ObjectiveValue": NaN,
    "PredictedIndex": 1,
    "SolveStatus": "InfeasibleOrUnbounded",
    "SolveTime": 3.3571760654449463,
    "TotalTime": 19.098333947,
    "robust": true,
    "status_known": true
  },
  "test_acc": 0.5874,
  "adv_out_score": [
    1.6922069787979126,
    -2.5891525745391846,
    1.6922072172164917,
    -0.27144765853881836,
    1.1420689821243286,
    -0.4174570143222809,
    -0.09042723476886749,
    -2.8361096382141113,
    -2.8506031036376953,
    -3.8991503715515137
  ],
  "adv_out_score_mm": [
    1.6922087669372559,
    -2.5891525745391846,
    1.6922062635421753,
    -0.27144771814346313,
    1.1420687437057495,
    -0.4174574315547943,
    -0.09042699635028839,
    -2.8361101150512695,
    -2.8506031036376953,
    -3.8991494178771973
  ],
  "inp_out_score": [
    2.010100841522217,
    -2.3727035522460938,
    1.5242830514907837,
    -0.39799734950065613,
    1.0387974977493286,
    -0.5877888798713684,
    -0.2764441668987274,
    -2.9358201026916504,
    -2.654545783996582,
    -3.705396890640259
  ],
  "mat_model_path": "data/cifar10.mat.xz",
  "device": "cuda",
  "argv_options": [
    "--no-gap",
    "--stable",
    "--log-file"
  ]
}