{
  "label": 0,
  "gap": -4.283243055843392e-07,
  "eps": 0.00784313725490196,
  "verify": {
    "ObjectiveBound": 1e+100,
    "ObjectiveValue": NaN,
    "PredictedIndex": 1,
    "SolveStatus": "InfeasibleOrUnbounded",
    "SolveTime": 3.4079198837280273,
    "TotalTime": 19.534737598,
    "robust": true,
    "status_known": true
  },
  "test_acc": 0.5874,
  "adv_out_score": [
    1.6922080516815186,
    -2.5891530513763428,
    1.6922061443328857,
    -0.27144765853881836,
    1.1420691013336182,
    -0.41745725274086,
    -0.09042723476886749,
    -2.836109161376953,
    -2.850602388381958,
    -3.8991503715515137
  ],
  "adv_out_score_mm": [
    1.6922072172164917,
    -2.5891520977020264,
    1.6922073364257812,
    -0.2714475989341736,
    1.142068862915039,
    -0.4174576699733734,
    -0.09042730927467346,
    -2.8361096382141113,
    -2.8506035804748535,
    -3.8991498947143555
  ],
  "inp_out_score": [
    2.0101003646850586,
    -2.3727035522460938,
    1.5242830514907837,
    -0.39799734950065613,
    1.0387974977493286,
    -0.5877888798713684,
    -0.2764441668987274,
    -2.9358201026916504,
    -2.654545783996582,
    -3.705396890640259
  ],
  "mat_model_path": "data/cifar10.mat.xz",
  "device": "cuda",
  "argv_options": [
    "--mm",
    "--log-file"
  ]
}