{
  "label": 0,
  "gap": -4.913591424303708e-08,
  "eps": 0.00784313725490196,
  "verify": {
    "ObjectiveBound": 1e+100,
    "ObjectiveValue": NaN,
    "PredictedIndex": 1,
    "SolveStatus": "InfeasibleOrUnbounded",
    "SolveTime": 1.0834388732910156,
    "TotalTime": 17.154313642,
    "robust": true,
    "status_known": true
  },
  "test_acc": 0.5874,
  "adv_out_score": [
    1.9950995445251465,
    -2.8542463779449463,
    0.9536945223808289,
    1.4335335493087769,
    -0.45800402760505676,
    0.6332898139953613,
    -0.7803772687911987,
    1.9950975179672241,
    -3.1128194332122803,
    -3.9729137420654297
  ],
  "adv_out_score_mm": [
    1.9950969219207764,
    -2.854245185852051,
    0.9536942839622498,
    1.4335323572158813,
    -0.45800212025642395,
    0.6332900524139404,
    -0.7803765535354614,
    1.9951008558273315,
    -3.1128196716308594,
    -3.9729151725769043
  ],
  "inp_out_score": [
    2.1919572353363037,
    -2.777250051498413,
    1.0283921957015991,
    1.4554810523986816,
    -0.46949151158332825,
    0.5633522272109985,
    -0.8116339445114136,
    1.6641796827316284,
    -3.009103298187256,
    -3.9899182319641113
  ],
  "mat_model_path": "data/cifar10.mat.xz",
  "device": "cpu",
  "argv_options": [
    "--cpu",
    "--mm",
    "--log-file"
  ]
}