{
  "label": 0,
  "gap": 0.0,
  "eps": 0.00784313725490196,
  "verify": {
    "ObjectiveBound": 1e+100,
    "ObjectiveValue": NaN,
    "PredictedIndex": 1,
    "SolveStatus": "InfeasibleOrUnbounded",
    "SolveTime": 0.8872041702270508,
    "TotalTime": 15.280448332,
    "robust": true,
    "status_known": true
  },
  "test_acc": 0.5874,
  "adv_out_score": [
    1.9950995445251465,
    -2.8542468547821045,
    0.9536959528923035,
    1.4335333108901978,
    -0.45800307393074036,
    0.6332894563674927,
    -0.7803770303726196,
    1.9950977563858032,
    -3.1128203868865967,
    -3.972914695739746
  ],
  "adv_out_score_mm": [
    1.9950973987579346,
    -2.8542444705963135,
    0.9536940455436707,
    1.4335319995880127,
    -0.45800212025642395,
    0.63329017162323,
    -0.780376672744751,
    1.9950991868972778,
    -3.1128201484680176,
    -3.972914695739746
  ],
  "inp_out_score": [
    2.1919572353363037,
    -2.777250051498413,
    1.0283921957015991,
    1.4554810523986816,
    -0.46949151158332825,
    0.5633522272109985,
    -0.8116339445114136,
    1.6641796827316284,
    -3.009103298187256,
    -3.9899182319641113
  ],
  "mat_model_path": "data/cifar10.mat.xz",
  "device": "cpu",
  "argv_options": [
    "--no-gap",
    "--cpu",
    "--mm",
    "--log-file"
  ]
}