{
  "label": 0,
  "gap": -4.913591424303708e-08,
  "eps": 0.00784313725490196,
  "verify": {
    "ObjectiveBound": 1e+100,
    "ObjectiveValue": NaN,
    "PredictedIndex": 1,
    "SolveStatus": "InfeasibleOrUnbounded",
    "SolveTime": 0.9871151447296143,
    "TotalTime": 19.393918452,
    "robust": true,
    "status_known": true
  },
  "test_acc": 0.5874,
  "adv_out_score": [
    1.9948220252990723,
    -2.854290723800659,
    0.9534505009651184,
    1.4334454536437988,
    -0.45807841420173645,
    0.6334100961685181,
    -0.7804462909698486,
    1.9955981969833374,
    -3.1129040718078613,
    -3.9726552963256836
  ],
  "adv_out_score_mm": [
    1.9950990676879883,
    -2.85424542427063,
    0.9536948800086975,
    1.433532476425171,
    -0.45800283551216125,
    0.6332906484603882,
    -0.7803765535354614,
    1.995097279548645,
    -3.1128196716308594,
    -3.972914695739746
  ],
  "inp_out_score": [
    2.1919000148773193,
    -2.777107000350952,
    1.028445839881897,
    1.4554567337036133,
    -0.4694676697254181,
    0.5633132457733154,
    -0.8115684986114502,
    1.6640048027038574,
    -3.0090932846069336,
    -3.9900755882263184
  ],
  "mat_model_path": "data/cifar10.mat.xz",
  "device": "cuda",
  "argv_options": [
    "--log-file"
  ]
}