{
  "label": 0,
  "gap": -4.913591424303708e-08,
  "eps": 0.00784313725490196,
  "verify": {
    "ObjectiveBound": 1e+100,
    "ObjectiveValue": NaN,
    "PredictedIndex": 1,
    "SolveStatus": "InfeasibleOrUnbounded",
    "SolveTime": 0.9049570560455322,
    "TotalTime": 15.350276194,
    "robust": true,
    "status_known": true
  },
  "test_acc": 0.5874,
  "adv_out_score": [
    1.9950976371765137,
    -2.854245662689209,
    0.9536952376365662,
    1.4335322380065918,
    -0.45800235867500305,
    0.6332903504371643,
    -0.7803761959075928,
    1.9951002597808838,
    -3.1128199100494385,
    -3.9729151725769043
  ],
  "adv_out_score_mm": [
    1.9950981140136719,
    -2.854245185852051,
    0.9536948800086975,
    1.4335317611694336,
    -0.4580022394657135,
    0.6332904696464539,
    -0.7803767919540405,
    1.9950977563858032,
    -3.1128194332122803,
    -3.972914695739746
  ],
  "inp_out_score": [
    2.1919572353363037,
    -2.777249813079834,
    1.0283926725387573,
    1.455482006072998,
    -0.4694918692111969,
    0.5633520483970642,
    -0.8116350173950195,
    1.6641802787780762,
    -3.0091044902801514,
    -3.9899191856384277
  ],
  "mat_model_path": "data/cifar10.mat.xz",
  "device": "cuda",
  "argv_options": [
    "--stable",
    "--log-file"
  ]
}