{
  "label": 0,
  "gap": -4.913591424303708e-08,
  "eps": 0.00784313725490196,
  "verify": {
    "ObjectiveBound": 1e+100,
    "ObjectiveValue": NaN,
    "PredictedIndex": 1,
    "SolveStatus": "InfeasibleOrUnbounded",
    "SolveTime": 0.9458022117614746,
    "TotalTime": 16.65947127,
    "robust": true,
    "status_known": true
  },
  "test_acc": 0.5874,
  "adv_out_score": [
    1.995099425315857,
    -2.85424542427063,
    0.9536957144737244,
    1.4335321187973022,
    -0.4580024778842926,
    0.6332904696464539,
    -0.780376672744751,
    1.9950975179672241,
    -3.1128196716308594,
    -3.972914695739746
  ],
  "adv_out_score_mm": [
    1.9950973987579346,
    -2.85424542427063,
    0.9536946415901184,
    1.4335318803787231,
    -0.45800259709358215,
    0.6332905292510986,
    -0.7803770303726196,
    1.9950989484786987,
    -3.112820625305176,
    -3.9729137420654297
  ],
  "inp_out_score": [
    2.1919572353363037,
    -2.777249813079834,
    1.0283926725387573,
    1.455482006072998,
    -0.4694918692111969,
    0.5633520483970642,
    -0.8116350173950195,
    1.6641802787780762,
    -3.0091044902801514,
    -3.9899191856384277
  ],
  "mat_model_path": "data/cifar10.mat.xz",
  "device": "cuda",
  "argv_options": [
    "--mm",
    "--log-file"
  ]
}