{
  "label": 0,
  "gap": 0.0,
  "eps": 0.00784313725490196,
  "verify": {
    "ObjectiveBound": 1e+100,
    "ObjectiveValue": NaN,
    "PredictedIndex": 1,
    "SolveStatus": "InfeasibleOrUnbounded",
    "SolveTime": 1.0050408840179443,
    "TotalTime": 21.360935489,
    "robust": true,
    "status_known": true
  },
  "test_acc": 0.5874,
  "adv_out_score": [
    1.99509859085083,
    -2.85424542427063,
    0.9536952376365662,
    1.4335325956344604,
    -0.4580029547214508,
    0.6332907676696777,
    -0.7803761959075928,
    1.9950975179672241,
    -3.1128203868865967,
    -3.9729151725769043
  ],
  "adv_out_score_mm": [
    1.9950973987579346,
    -2.85424542427063,
    0.9536949992179871,
    1.4335317611694336,
    -0.45800283551216125,
    0.6332905888557434,
    -0.7803764343261719,
    1.9950989484786987,
    -3.112820625305176,
    -3.9729137420654297
  ],
  "inp_out_score": [
    2.1919572353363037,
    -2.777249813079834,
    1.0283926725387573,
    1.455482006072998,
    -0.4694918692111969,
    0.5633520483970642,
    -0.8116350173950195,
    1.6641802787780762,
    -3.0091044902801514,
    -3.9899191856384277
  ],
  "mat_model_path": "data/cifar10.mat.xz",
  "device": "cuda",
  "argv_options": [
    "--no-gap",
    "--mm",
    "--log-file"
  ]
}