{
  "label": 0,
  "gap": 0.0,
  "eps": 0.00784313725490196,
  "verify": {
    "ObjectiveBound": 1e+100,
    "ObjectiveValue": NaN,
    "PredictedIndex": 1,
    "SolveStatus": "InfeasibleOrUnbounded",
    "SolveTime": 0.9232790470123291,
    "TotalTime": 16.275522282,
    "robust": true,
    "status_known": true
  },
  "test_acc": 0.5874,
  "adv_out_score": [
    1.9950976371765137,
    -2.854246139526367,
    0.9536952376365662,
    1.4335319995880127,
    -0.45800188183784485,
    0.6332908272743225,
    -0.7803769111633301,
    1.9951010942459106,
    -3.112820625305176,
    -3.9729156494140625
  ],
  "adv_out_score_mm": [
    1.9950981140136719,
    -2.8542447090148926,
    0.9536948800086975,
    1.4335319995880127,
    -0.4580022394657135,
    0.6332904696464539,
    -0.7803763151168823,
    1.9950975179672241,
    -3.1128196716308594,
    -3.972914695739746
  ],
  "inp_out_score": [
    2.1919572353363037,
    -2.777249813079834,
    1.0283926725387573,
    1.455482006072998,
    -0.4694918692111969,
    0.5633520483970642,
    -0.8116350173950195,
    1.6641802787780762,
    -3.0091044902801514,
    -3.9899191856384277
  ],
  "mat_model_path": "data/cifar10.mat.xz",
  "device": "cuda",
  "argv_options": [
    "--no-gap",
    "--stable",
    "--log-file"
  ]
}