{
  "label": 0,
  "gap": 0.0,
  "eps": 0.00784313725490196,
  "verify": {
    "ObjectiveBound": 1e+100,
    "ObjectiveValue": NaN,
    "PredictedIndex": 1,
    "SolveStatus": "InfeasibleOrUnbounded",
    "SolveTime": 0.954571008682251,
    "TotalTime": 18.870551305,
    "robust": true,
    "status_known": true
  },
  "test_acc": 0.5874,
  "adv_out_score": [
    1.9948397874832153,
    -2.854248046875,
    0.9534124135971069,
    1.4334512948989868,
    -0.4581644833087921,
    0.6333605647087097,
    -0.780555009841919,
    1.9955390691757202,
    -3.112788200378418,
    -3.9726181030273438
  ],
  "adv_out_score_mm": [
    1.995098352432251,
    -2.8542463779449463,
    0.9536948800086975,
    1.4335321187973022,
    -0.4580027163028717,
    0.6332904100418091,
    -0.7803769111633301,
    1.9950979948043823,
    -3.1128199100494385,
    -3.9729151725769043
  ],
  "inp_out_score": [
    2.1919000148773193,
    -2.777107000350952,
    1.028445839881897,
    1.4554567337036133,
    -0.4694676697254181,
    0.5633132457733154,
    -0.8115684986114502,
    1.6640048027038574,
    -3.0090932846069336,
    -3.9900755882263184
  ],
  "mat_model_path": "data/cifar10.mat.xz",
  "device": "cuda",
  "argv_options": [
    "--no-gap",
    "--log-file"
  ]
}