{
  "label": 0,
  "gap": -4.913591424303708e-08,
  "eps": 0.00784313725490196,
  "verify": {
    "ObjectiveBound": 1e+100,
    "ObjectiveValue": NaN,
    "PredictedIndex": 1,
    "SolveStatus": "InfeasibleOrUnbounded",
    "SolveTime": 1.2641019821166992,
    "TotalTime": 20.297966444,
    "robust": true,
    "status_known": true
  },
  "test_acc": 0.5874,
  "adv_out_score": [
    1.9950981140136719,
    -2.8542466163635254,
    0.9536959528923035,
    1.4335331916809082,
    -0.45800355076789856,
    0.63329017162323,
    -0.7803767919540405,
    1.995099425315857,
    -3.112820625305176,
    -3.9729151725769043
  ],
  "adv_out_score_mm": [
    1.9950988292694092,
    -2.8542439937591553,
    0.9536940455436707,
    1.4335321187973022,
    -0.45800116658210754,
    0.6332898139953613,
    -0.7803767919540405,
    1.9950977563858032,
    -3.112818717956543,
    -3.972914695739746
  ],
  "inp_out_score": [
    2.1919572353363037,
    -2.777250051498413,
    1.0283921957015991,
    1.4554810523986816,
    -0.46949151158332825,
    0.5633522272109985,
    -0.8116339445114136,
    1.6641796827316284,
    -3.009103298187256,
    -3.9899182319641113
  ],
  "mat_model_path": "data/cifar10.mat.xz",
  "device": "cpu",
  "argv_options": [
    "--cpu",
    "--log-file"
  ]
}