{
  "label": 0,
  "gap": 0.0,
  "eps": 0.00784313725490196,
  "verify": {
    "ObjectiveBound": 1e+100,
    "ObjectiveValue": NaN,
    "PredictedIndex": 1,
    "SolveStatus": "InfeasibleOrUnbounded",
    "SolveTime": 0.9182589054107666,
    "TotalTime": 18.88861152,
    "robust": true,
    "status_known": true
  },
  "test_acc": 0.5874,
  "adv_out_score": [
    1.9950969219207764,
    -2.8542468547821045,
    0.9536952376365662,
    1.4335334300994873,
    -0.45800307393074036,
    0.6332908868789673,
    -0.7803772687911987,
    1.9951003789901733,
    -3.112821578979492,
    -3.972914695739746
  ],
  "adv_out_score_mm": [
    1.9950988292694092,
    -2.8542444705963135,
    0.9536954760551453,
    1.433532476425171,
    -0.45800212025642395,
    0.6332894563674927,
    -0.7803767919540405,
    1.9950963258743286,
    -3.112818717956543,
    -3.9729151725769043
  ],
  "inp_out_score": [
    2.1919572353363037,
    -2.777250051498413,
    1.0283921957015991,
    1.4554810523986816,
    -0.46949151158332825,
    0.5633522272109985,
    -0.8116339445114136,
    1.6641796827316284,
    -3.009103298187256,
    -3.9899182319641113
  ],
  "mat_model_path": "data/cifar10.mat.xz",
  "device": "cpu",
  "argv_options": [
    "--no-gap",
    "--cpu",
    "--log-file"
  ]
}