{
  "label": 8,
  "gap": 0.0,
  "eps": 0.00784313725490196,
  "verify": {
    "ObjectiveBound": 1e+100,
    "ObjectiveValue": NaN,
    "PredictedIndex": 9,
    "SolveStatus": "InfeasibleOrUnbounded",
    "SolveTime": 101.4286470413208,
    "TotalTime": 122.389854337,
    "robust": true,
    "status_known": true
  },
  "test_acc": 0.5874,
  "adv_out_score": [
    -2.106093406677246,
    -3.7280027866363525,
    -0.9064996838569641,
    -1.535435676574707,
    -0.1310614049434662,
    -2.2341325283050537,
    -0.39855512976646423,
    -3.075183391571045,
    -0.13111427426338196,
    -3.0155489444732666
  ],
  "adv_out_score_mm": [
    -2.1060545444488525,
    -3.7278554439544678,
    -0.9065735936164856,
    -1.5354962348937988,
    -0.13114875555038452,
    -2.234196424484253,
    -0.3986557424068451,
    -3.0752220153808594,
    -0.13099810481071472,
    -3.0154531002044678
  ],
  "inp_out_score": [
    -1.986067533493042,
    -3.4217641353607178,
    -1.0921130180358887,
    -1.6874327659606934,
    -0.40574148297309875,
    -2.442567825317383,
    -0.5734789371490479,
    -3.4545764923095703,
    0.4709429442882538,
    -2.8593966960906982
  ],
  "mat_model_path": "data/cifar10.mat.xz",
  "device": "cuda",
  "argv_options": [
    "--no-gap",
    "--log-file"
  ]
}