{
  "label": 8,
  "gap": -0.0001466524319520102,
  "eps": 0.00784313725490196,
  "verify": {
    "ObjectiveBound": 1e+100,
    "ObjectiveValue": NaN,
    "PredictedIndex": 9,
    "SolveStatus": "InfeasibleOrUnbounded",
    "SolveTime": 78.795982837677,
    "TotalTime": 97.758830511,
    "robust": true,
    "status_known": true
  },
  "test_acc": 0.5874,
  "adv_out_score": [
    -2.1060543060302734,
    -3.727855920791626,
    -0.9065729975700378,
    -1.5354950428009033,
    -0.13114815950393677,
    -2.2341959476470947,
    -0.39865562319755554,
    -3.075221061706543,
    -0.1311456561088562,
    -3.0154528617858887
  ],
  "adv_out_score_mm": [
    -2.1060545444488525,
    -3.727856397628784,
    -0.9065725207328796,
    -1.5354955196380615,
    -0.13114705681800842,
    -2.2341954708099365,
    -0.39865484833717346,
    -3.075221061706543,
    -0.1311471164226532,
    -3.015453577041626
  ],
  "inp_out_score": [
    -1.986081838607788,
    -3.4217841625213623,
    -1.0921165943145752,
    -1.6874339580535889,
    -0.40574905276298523,
    -2.442582130432129,
    -0.5734564065933228,
    -3.454596519470215,
    0.47079697251319885,
    -2.8593909740448
  ],
  "mat_model_path": "data/cifar10.mat.xz",
  "device": "cuda",
  "argv_options": [
    "--mm",
    "--log-file"
  ]
}