{
  "label": 8,
  "gap": -0.0001466524319520102,
  "eps": 0.00784313725490196,
  "verify": {
    "ObjectiveBound": 1e+100,
    "ObjectiveValue": NaN,
    "PredictedIndex": 9,
    "SolveStatus": "InfeasibleOrUnbounded",
    "SolveTime": 75.41599011421204,
    "TotalTime": 94.386460349,
    "robust": true,
    "status_known": true
  },
  "test_acc": 0.5874,
  "adv_out_score": [
    -2.106076955795288,
    -3.7280185222625732,
    -0.9064874053001404,
    -1.5354218482971191,
    -0.13106673955917358,
    -2.23413348197937,
    -0.3985401690006256,
    -3.075188159942627,
    -0.131249338388443,
    -3.0155487060546875
  ],
  "adv_out_score_mm": [
    -2.1060543060302734,
    -3.7278554439544678,
    -0.9065732359886169,
    -1.5354957580566406,
    -0.13114851713180542,
    -2.234196424484253,
    -0.3986554443836212,
    -3.075221538543701,
    -0.1311454474925995,
    -3.0154526233673096
  ],
  "inp_out_score": [
    -1.986067533493042,
    -3.4217641353607178,
    -1.0921130180358887,
    -1.6874327659606934,
    -0.40574148297309875,
    -2.442567825317383,
    -0.5734789371490479,
    -3.4545764923095703,
    0.47079628705978394,
    -2.8593966960906982
  ],
  "mat_model_path": "data/cifar10.mat.xz",
  "device": "cuda",
  "argv_options": [
    "--log-file"
  ]
}