{
  "label": 8,
  "gap": -0.0001466524319520102,
  "eps": 0.00784313725490196,
  "verify": {
    "ObjectiveBound": 1e+100,
    "ObjectiveValue": NaN,
    "PredictedIndex": 9,
    "SolveStatus": "InfeasibleOrUnbounded",
    "SolveTime": 80.47226285934448,
    "TotalTime": 101.31286705,
    "robust": true,
    "status_known": true
  },
  "test_acc": 0.5874,
  "adv_out_score": [
    -2.1060543060302734,
    -3.727856159210205,
    -0.9065732359886169,
    -1.5354957580566406,
    -0.13114836812019348,
    -2.2341954708099365,
    -0.3986559212207794,
    -3.075221538543701,
    -0.13114529848098755,
    -3.0154523849487305
  ],
  "adv_out_score_mm": [
    -2.1060550212860107,
    -3.727856397628784,
    -0.9065731167793274,
    -1.535495638847351,
    -0.13114693760871887,
    -2.2341959476470947,
    -0.3986552059650421,
    -3.0752205848693848,
    -0.13114768266677856,
    -3.0154528617858887
  ],
  "inp_out_score": [
    -1.9860823154449463,
    -3.421783685684204,
    -1.0921162366867065,
    -1.6874339580535889,
    -0.4057483971118927,
    -2.44258189201355,
    -0.5734559297561646,
    -3.4545974731445312,
    0.4707959294319153,
    -2.8593902587890625
  ],
  "mat_model_path": "data/cifar10.mat.xz",
  "device": "cpu",
  "argv_options": [
    "--cpu",
    "--mm",
    "--log-file"
  ]
}