{
  "label": 9,
  "gap": -2.0981846713957944e-07,
  "eps": 0.00784313725490196,
  "verify": {
    "ObjectiveBound": 1e+100,
    "ObjectiveValue": NaN,
    "PredictedIndex": 10,
    "SolveStatus": "InfeasibleOrUnbounded",
    "SolveTime": 7.12762188911438,
    "TotalTime": 28.329953983,
    "robust": true,
    "status_known": true
  },
  "test_acc": 0.5874,
  "adv_out_score": [
    -1.253666877746582,
    -2.2667291164398193,
    -1.9450513124465942,
    -1.7779500484466553,
    -2.183100700378418,
    -2.5186455249786377,
    -2.065516233444214,
    -2.7407126426696777,
    -0.8284837007522583,
    -0.8284815549850464
  ],
  "adv_out_score_mm": [
    -1.2536667585372925,
    -2.2667298316955566,
    -1.945050597190857,
    -1.7779494524002075,
    -2.1831002235412598,
    -2.518644094467163,
    -2.065516233444214,
    -2.7407121658325195,
    -0.8284817934036255,
    -0.8284838199615479
  ],
  "inp_out_score": [
    -1.2753510475158691,
    -2.1472668647766113,
    -1.9687002897262573,
    -1.769575834274292,
    -2.2020668983459473,
    -2.43017315864563,
    -2.213273286819458,
    -2.500307559967041,
    -1.1550779342651367,
    -0.4951397478580475
  ],
  "mat_model_path": "data/cifar10.mat.xz",
  "device": "cpu",
  "argv_options": [
    "--cpu",
    "--mm",
    "--log-file"
  ]
}