{
  "label": 9,
  "gap": -2.0981846713957944e-07,
  "eps": 0.00784313725490196,
  "verify": {
    "ObjectiveBound": 1e+100,
    "ObjectiveValue": NaN,
    "PredictedIndex": 10,
    "SolveStatus": "InfeasibleOrUnbounded",
    "SolveTime": 6.640658855438232,
    "TotalTime": 24.637179629,
    "robust": true,
    "status_known": true
  },
  "test_acc": 0.5874,
  "adv_out_score": [
    -1.2534860372543335,
    -2.2666494846343994,
    -1.945055603981018,
    -1.7780146598815918,
    -2.1831817626953125,
    -2.518775463104248,
    -2.065614700317383,
    -2.7408456802368164,
    -0.828209638595581,
    -0.8285433053970337
  ],
  "adv_out_score_mm": [
    -1.2536667585372925,
    -2.2667288780212402,
    -1.9450517892837524,
    -1.7779501676559448,
    -2.183100700378418,
    -2.5186448097229004,
    -2.065516948699951,
    -2.7407121658325195,
    -0.8284833431243896,
    -0.8284811973571777
  ],
  "inp_out_score": [
    -1.2753148078918457,
    -2.1473240852355957,
    -1.9687131643295288,
    -1.769565463066101,
    -2.202000617980957,
    -2.430149793624878,
    -2.213303804397583,
    -2.5002903938293457,
    -1.1551097631454468,
    -0.49512115120887756
  ],
  "mat_model_path": "data/cifar10.mat.xz",
  "device": "cuda",
  "argv_options": [
    "--log-file"
  ]
}