{
  "label": 9,
  "gap": 0.0,
  "eps": 0.00784313725490196,
  "verify": {
    "ObjectiveBound": 1e+100,
    "ObjectiveValue": NaN,
    "PredictedIndex": 10,
    "SolveStatus": "InfeasibleOrUnbounded",
    "SolveTime": 7.482421159744263,
    "TotalTime": 28.482786268,
    "robust": true,
    "status_known": true
  },
  "test_acc": 0.5874,
  "adv_out_score": [
    -1.2536673545837402,
    -2.2667291164398193,
    -1.945050835609436,
    -1.7779496908187866,
    -2.183100700378418,
    -2.5186448097229004,
    -2.0655157566070557,
    -2.740713119506836,
    -0.8284838199615479,
    -0.8284813761711121
  ],
  "adv_out_score_mm": [
    -1.2536667585372925,
    -2.2667295932769775,
    -1.945050597190857,
    -1.7779500484466553,
    -2.183100461959839,
    -2.518644094467163,
    -2.0655159950256348,
    -2.740713119506836,
    -0.828481912612915,
    -0.8284836411476135
  ],
  "inp_out_score": [
    -1.2753510475158691,
    -2.1472668647766113,
    -1.9687002897262573,
    -1.769575834274292,
    -2.2020668983459473,
    -2.43017315864563,
    -2.213273286819458,
    -2.500307559967041,
    -1.1550779342651367,
    -0.49513953924179077
  ],
  "mat_model_path": "data/cifar10.mat.xz",
  "device": "cpu",
  "argv_options": [
    "--no-gap",
    "--cpu",
    "--mm",
    "--log-file"
  ]
}