{
  "label": 9,
  "gap": 0.0,
  "eps": 0.00784313725490196,
  "verify": {
    "ObjectiveBound": 1e+100,
    "ObjectiveValue": NaN,
    "PredictedIndex": 10,
    "SolveStatus": "InfeasibleOrUnbounded",
    "SolveTime": 6.7543511390686035,
    "TotalTime": 27.880403233,
    "robust": true,
    "status_known": true
  },
  "test_acc": 0.5874,
  "adv_out_score": [
    -1.2535327672958374,
    -2.26667857170105,
    -1.9449812173843384,
    -1.7779982089996338,
    -2.183060646057129,
    -2.518792152404785,
    -2.065580129623413,
    -2.74082088470459,
    -0.8282744884490967,
    -0.8286580443382263
  ],
  "adv_out_score_mm": [
    -1.2536672353744507,
    -2.266728401184082,
    -1.9450517892837524,
    -1.7779502868652344,
    -2.183100700378418,
    -2.5186445713043213,
    -2.065516471862793,
    -2.7407116889953613,
    -0.8284835815429688,
    -0.828481137752533
  ],
  "inp_out_score": [
    -1.2753148078918457,
    -2.1473240852355957,
    -1.9687131643295288,
    -1.769565463066101,
    -2.202000617980957,
    -2.430149793624878,
    -2.213303804397583,
    -2.5002903938293457,
    -1.1551097631454468,
    -0.49512094259262085
  ],
  "mat_model_path": "data/cifar10.mat.xz",
  "device": "cuda",
  "argv_options": [
    "--no-gap",
    "--log-file"
  ]
}