{
  "label": 9,
  "gap": -2.0981846713957944e-07,
  "eps": 0.00784313725490196,
  "verify": {
    "ObjectiveBound": 1e+100,
    "ObjectiveValue": NaN,
    "PredictedIndex": 10,
    "SolveStatus": "InfeasibleOrUnbounded",
    "SolveTime": 6.589222192764282,
    "TotalTime": 24.199357974,
    "robust": true,
    "status_known": true
  },
  "test_acc": 0.5874,
  "adv_out_score": [
    -1.2536671161651611,
    -2.2667291164398193,
    -1.9450510740280151,
    -1.7779502868652344,
    -2.183100938796997,
    -2.5186455249786377,
    -2.0655159950256348,
    -2.740713596343994,
    -0.8284823894500732,
    -0.8284825086593628
  ],
  "adv_out_score_mm": [
    -1.253666639328003,
    -2.2667298316955566,
    -1.9450501203536987,
    -1.7779498100280762,
    -2.1830997467041016,
    -2.5186445713043213,
    -2.0655159950256348,
    -2.7407121658325195,
    -0.828482985496521,
    -0.8284817934036255
  ],
  "inp_out_score": [
    -1.2753510475158691,
    -2.1472668647766113,
    -1.9687002897262573,
    -1.769575834274292,
    -2.2020668983459473,
    -2.43017315864563,
    -2.213273286819458,
    -2.500307559967041,
    -1.1550779342651367,
    -0.4951397478580475
  ],
  "mat_model_path": "data/cifar10.mat.xz",
  "device": "cpu",
  "argv_options": [
    "--cpu",
    "--log-file"
  ]
}