{
  "label": 2,
  "gap": -1.8307325023422684e-07,
  "eps": 0.00784313725490196,
  "verify": {
    "ObjectiveBound": 1e+100,
    "ObjectiveValue": NaN,
    "PredictedIndex": 3,
    "SolveStatus": "InfeasibleOrUnbounded",
    "SolveTime": 18.812520027160645,
    "TotalTime": 37.805111691,
    "robust": true,
    "status_known": true
  },
  "test_acc": 0.5874,
  "adv_out_score": [
    -0.5537378191947937,
    -2.7898447513580322,
    0.7139202356338501,
    0.7139214873313904,
    -0.42948272824287415,
    -1.5564730167388916,
    -0.936995267868042,
    -2.854201316833496,
    -2.177097797393799,
    -4.741841793060303
  ],
  "adv_out_score_mm": [
    -0.5537385940551758,
    -2.7898457050323486,
    0.7139216661453247,
    0.7139202952384949,
    -0.42948272824287415,
    -1.556472897529602,
    -0.9369950294494629,
    -2.854201316833496,
    -2.1770975589752197,
    -4.741842269897461
  ],
  "inp_out_score": [
    -0.5845909118652344,
    -3.021651268005371,
    1.0089607238769531,
    0.6637967228889465,
    -0.2549646198749542,
    -1.6123888492584229,
    -0.8639222383499146,
    -2.8005871772766113,
    -2.373044967651367,
    -4.831958770751953
  ],
  "mat_model_path": "data/cifar10.mat.xz",
  "device": "cpu",
  "argv_options": [
    "--cpu",
    "--log-file"
  ]
}