{
  "label": 2,
  "gap": 0.0,
  "eps": 0.00784313725490196,
  "verify": {
    "ObjectiveBound": 1e+100,
    "ObjectiveValue": NaN,
    "PredictedIndex": 3,
    "SolveStatus": "InfeasibleOrUnbounded",
    "SolveTime": 20.670740127563477,
    "TotalTime": 38.199365234,
    "robust": true,
    "status_known": true
  },
  "test_acc": 0.5874,
  "adv_out_score": [
    -0.5537379384040833,
    -2.7898447513580322,
    0.713920533657074,
    0.7139217257499695,
    -0.42948296666145325,
    -1.5564724206924438,
    -0.9369953870773315,
    -2.854200839996338,
    -2.177097797393799,
    -4.741841793060303
  ],
  "adv_out_score_mm": [
    -0.5537386536598206,
    -2.7898457050323486,
    0.7139220833778381,
    0.7139202952384949,
    -0.42948225140571594,
    -1.5564727783203125,
    -0.9369953870773315,
    -2.854201316833496,
    -2.177097797393799,
    -4.741842269897461
  ],
  "inp_out_score": [
    -0.5845909118652344,
    -3.021651268005371,
    1.0089608430862427,
    0.6637967228889465,
    -0.2549646198749542,
    -1.6123888492584229,
    -0.8639222383499146,
    -2.8005871772766113,
    -2.373044967651367,
    -4.831958770751953
  ],
  "mat_model_path": "data/cifar10.mat.xz",
  "device": "cpu",
  "argv_options": [
    "--no-gap",
    "--cpu",
    "--log-file"
  ]
}