{
  "label": 2,
  "gap": 0.0,
  "eps": 0.00784313725490196,
  "verify": {
    "ObjectiveBound": 1e+100,
    "ObjectiveValue": NaN,
    "PredictedIndex": 3,
    "SolveStatus": "InfeasibleOrUnbounded",
    "SolveTime": 18.98031497001648,
    "TotalTime": 36.240627892,
    "robust": true,
    "status_known": true
  },
  "test_acc": 0.5874,
  "adv_out_score": [
    -0.5537376403808594,
    -2.7898452281951904,
    0.7139208912849426,
    0.7139211297035217,
    -0.42948248982429504,
    -1.5564730167388916,
    -0.9369951486587524,
    -2.854200839996338,
    -2.177097797393799,
    -4.741841793060303
  ],
  "adv_out_score_mm": [
    -0.5537382364273071,
    -2.7898452281951904,
    0.7139212489128113,
    0.7139204144477844,
    -0.42948272824287415,
    -1.5564734935760498,
    -0.9369957447052002,
    -2.854201316833496,
    -2.1770975589752197,
    -4.741841793060303
  ],
  "inp_out_score": [
    -0.5845919847488403,
    -3.021651268005371,
    1.0089612007141113,
    0.6637966632843018,
    -0.2549639642238617,
    -1.6123889684677124,
    -0.8639222383499146,
    -2.800586700439453,
    -2.3730461597442627,
    -4.8319597244262695
  ],
  "mat_model_path": "data/cifar10.mat.xz",
  "device": "cuda",
  "argv_options": [
    "--no-gap",
    "--stable",
    "--log-file"
  ]
}