{
  "label": 2,
  "gap": -1.8307325023422684e-07,
  "eps": 0.00784313725490196,
  "verify": {
    "ObjectiveBound": 1e+100,
    "ObjectiveValue": NaN,
    "PredictedIndex": 3,
    "SolveStatus": "InfeasibleOrUnbounded",
    "SolveTime": 21.312553882598877,
    "TotalTime": 39.260153001,
    "robust": true,
    "status_known": true
  },
  "test_acc": 0.5874,
  "adv_out_score": [
    -0.5537381172180176,
    -2.7898447513580322,
    0.7139214277267456,
    0.7139206528663635,
    -0.42948248982429504,
    -1.5564732551574707,
    -0.9369955062866211,
    -2.854200839996338,
    -2.177098035812378,
    -4.741841793060303
  ],
  "adv_out_score_mm": [
    -0.5537380576133728,
    -2.7898452281951904,
    0.7139208316802979,
    0.7139209508895874,
    -0.4294823110103607,
    -1.5564734935760498,
    -0.9369953870773315,
    -2.854200839996338,
    -2.1770975589752197,
    -4.7418413162231445
  ],
  "inp_out_score": [
    -0.5845919847488403,
    -3.021651268005371,
    1.0089609622955322,
    0.6637966632843018,
    -0.2549639642238617,
    -1.6123889684677124,
    -0.8639222383499146,
    -2.800586700439453,
    -2.3730461597442627,
    -4.8319597244262695
  ],
  "mat_model_path": "data/cifar10.mat.xz",
  "device": "cuda",
  "argv_options": [
    "--mm",
    "--log-file"
  ]
}