{
  "label": 2,
  "gap": -1.8307325023422684e-07,
  "eps": 0.00784313725490196,
  "verify": {
    "ObjectiveBound": 1e+100,
    "ObjectiveValue": NaN,
    "PredictedIndex": 3,
    "SolveStatus": "InfeasibleOrUnbounded",
    "SolveTime": 18.96299982070923,
    "TotalTime": 35.183476499,
    "robust": true,
    "status_known": true
  },
  "test_acc": 0.5874,
  "adv_out_score": [
    -0.5537413954734802,
    -2.789832353591919,
    0.7139044404029846,
    0.7139249444007874,
    -0.42948928475379944,
    -1.5564683675765991,
    -0.9370027780532837,
    -2.8541855812072754,
    -2.177096366882324,
    -4.741828441619873
  ],
  "adv_out_score_mm": [
    -0.5537382364273071,
    -2.7898452281951904,
    0.7139219045639038,
    0.713920533657074,
    -0.4294823706150055,
    -1.5564732551574707,
    -0.9369955062866211,
    -2.854200839996338,
    -2.177098512649536,
    -4.741841793060303
  ],
  "inp_out_score": [
    -0.5845959782600403,
    -3.0216572284698486,
    1.008962631225586,
    0.663800835609436,
    -0.25496187806129456,
    -1.6123840808868408,
    -0.8639177083969116,
    -2.8005828857421875,
    -2.3730506896972656,
    -4.831961631774902
  ],
  "mat_model_path": "data/cifar10.mat.xz",
  "device": "cuda",
  "argv_options": [
    "--log-file"
  ]
}