{
  "label": 2,
  "gap": 0.0,
  "eps": 0.00784313725490196,
  "verify": {
    "ObjectiveBound": 1e+100,
    "ObjectiveValue": NaN,
    "PredictedIndex": 3,
    "SolveStatus": "InfeasibleOrUnbounded",
    "SolveTime": 19.40605092048645,
    "TotalTime": 38.564802618,
    "robust": true,
    "status_known": true
  },
  "test_acc": 0.5874,
  "adv_out_score": [
    -0.5537397861480713,
    -2.7898337841033936,
    0.7139060497283936,
    0.713925838470459,
    -0.42949071526527405,
    -1.556466817855835,
    -0.9370023012161255,
    -2.854186534881592,
    -2.1770989894866943,
    -4.741828918457031
  ],
  "adv_out_score_mm": [
    -0.5537382364273071,
    -2.7898452281951904,
    0.7139223217964172,
    0.7139206528663635,
    -0.42948225140571594,
    -1.5564733743667603,
    -0.9369959831237793,
    -2.854200839996338,
    -2.177098512649536,
    -4.741842269897461
  ],
  "inp_out_score": [
    -0.5845959782600403,
    -3.0216572284698486,
    1.0089627504348755,
    0.663800835609436,
    -0.25496187806129456,
    -1.6123840808868408,
    -0.8639177083969116,
    -2.8005828857421875,
    -2.3730506896972656,
    -4.831961631774902
  ],
  "mat_model_path": "data/cifar10.mat.xz",
  "device": "cuda",
  "argv_options": [
    "--no-gap",
    "--log-file"
  ]
}