{
  "label": 2,
  "gap": 0.0,
  "eps": 0.00784313725490196,
  "verify": {
    "ObjectiveBound": 1e+100,
    "ObjectiveValue": NaN,
    "PredictedIndex": 3,
    "SolveStatus": "InfeasibleOrUnbounded",
    "SolveTime": 20.31662607192993,
    "TotalTime": 40.731609025,
    "robust": true,
    "status_known": true
  },
  "test_acc": 0.5874,
  "adv_out_score": [
    -0.5537384748458862,
    -2.7898452281951904,
    0.7139220833778381,
    0.7139208912849426,
    -0.4294826090335846,
    -1.5564732551574707,
    -0.936995267868042,
    -2.854201316833496,
    -2.177097797393799,
    -4.741841793060303
  ],
  "adv_out_score_mm": [
    -0.5537388324737549,
    -2.7898452281951904,
    0.7139210104942322,
    0.7139211297035217,
    -0.42948272824287415,
    -1.556472897529602,
    -0.9369953870773315,
    -2.854200839996338,
    -2.177097797393799,
    -4.741842269897461
  ],
  "inp_out_score": [
    -0.5845919847488403,
    -3.021651268005371,
    1.0089612007141113,
    0.6637966632843018,
    -0.2549639642238617,
    -1.6123889684677124,
    -0.8639222383499146,
    -2.800586700439453,
    -2.3730461597442627,
    -4.8319597244262695
  ],
  "mat_model_path": "data/cifar10.mat.xz",
  "device": "cuda",
  "argv_options": [
    "--no-gap",
    "--mm",
    "--log-file"
  ]
}