{
  "label": 6,
  "gap": 0.0,
  "eps": 0.00784313725490196,
  "verify": {
    "ObjectiveBound": 1e+100,
    "ObjectiveValue": NaN,
    "PredictedIndex": 7,
    "SolveStatus": "InfeasibleOrUnbounded",
    "SolveTime": 23.84403681755066,
    "TotalTime": 42.943901231,
    "robust": true,
    "status_known": true
  },
  "test_acc": 0.5874,
  "adv_out_score": [
    -2.5528900623321533,
    -4.2011613845825195,
    0.7580559253692627,
    -0.9323058724403381,
    0.16819104552268982,
    -2.032648801803589,
    0.7579669952392578,
    -2.8011417388916016,
    -3.5298078060150146,
    -4.581432819366455
  ],
  "adv_out_score_mm": [
    -2.5529065132141113,
    -4.201054573059082,
    0.7579918503761292,
    -0.9323412179946899,
    0.16811838746070862,
    -2.0326998233795166,
    0.7579938173294067,
    -2.801194190979004,
    -3.529759407043457,
    -4.58133602142334
  ],
  "inp_out_score": [
    -2.6031200885772705,
    -3.950881242752075,
    0.5166757106781006,
    -0.973351776599884,
    -0.002574831247329712,
    -2.1594109535217285,
    0.9574923515319824,
    -2.986854076385498,
    -3.424288749694824,
    -4.397197723388672
  ],
  "mat_model_path": "data/cifar10.mat.xz",
  "device": "cuda",
  "argv_options": [
    "--no-gap",
    "--log-file"
  ]
}