{
  "label": 6,
  "gap": 0.0,
  "eps": 0.00784313725490196,
  "verify": {
    "ObjectiveBound": 1e+100,
    "ObjectiveValue": NaN,
    "PredictedIndex": 7,
    "SolveStatus": "InfeasibleOrUnbounded",
    "SolveTime": 20.452157974243164,
    "TotalTime": 40.653210571,
    "robust": true,
    "status_known": true
  },
  "test_acc": 0.5874,
  "adv_out_score": [
    -2.552908182144165,
    -4.201135158538818,
    0.7580552697181702,
    -0.9323045015335083,
    0.16817310452461243,
    -2.0326478481292725,
    0.7579652070999146,
    -2.8011417388916016,
    -3.529803991317749,
    -4.5813984870910645
  ],
  "adv_out_score_mm": [
    -2.5529062747955322,
    -4.201053619384766,
    0.7579916715621948,
    -0.9323413968086243,
    0.16811802983283997,
    -2.0326995849609375,
    0.7579939365386963,
    -2.801194190979004,
    -3.529759407043457,
    -4.58133602142334
  ],
  "inp_out_score": [
    -2.6031200885772705,
    -3.950881242752075,
    0.5166757106781006,
    -0.973351776599884,
    -0.002574831247329712,
    -2.1594109535217285,
    0.9574923515319824,
    -2.986854076385498,
    -3.424288749694824,
    -4.397197723388672
  ],
  "mat_model_path": "data/cifar10.mat.xz",
  "device": "cuda",
  "argv_options": [
    "--log-file"
  ]
}