{
  "label": 8,
  "gap": -4.962317720107134e-08,
  "eps": 0.00784313725490196,
  "verify": {
    "ObjectiveBound": 1e+100,
    "ObjectiveValue": NaN,
    "PredictedIndex": 9,
    "SolveStatus": "InfeasibleOrUnbounded",
    "SolveTime": 9.50940203666687,
    "TotalTime": 27.086453086,
    "robust": true,
    "status_known": true
  },
  "test_acc": 0.5874,
  "adv_out_score": [
    -0.08767971396446228,
    -2.0817463397979736,
    -1.1997109651565552,
    -2.3660480976104736,
    -1.2019671201705933,
    -3.542038679122925,
    -1.313725233078003,
    -3.3099637031555176,
    -0.0876782089471817,
    -1.4014877080917358
  ],
  "adv_out_score_mm": [
    -0.08767840266227722,
    -2.08174729347229,
    -1.199710726737976,
    -2.366048812866211,
    -1.2019671201705933,
    -3.542039632797241,
    -1.3137251138687134,
    -3.309964179992676,
    -0.08767850697040558,
    -1.4014880657196045
  ],
  "inp_out_score": [
    -0.34688934683799744,
    -2.0761547088623047,
    -1.2559123039245605,
    -2.2915267944335938,
    -1.262449026107788,
    -3.4800775051116943,
    -1.3031834363937378,
    -3.438925266265869,
    0.3062226176261902,
    -1.3415321111679077
  ],
  "mat_model_path": "data/cifar10.mat.xz",
  "device": "cuda",
  "argv_options": [
    "--mm",
    "--log-file"
  ]
}