{
  "label": 8,
  "gap": -4.962317720107134e-08,
  "eps": 0.00784313725490196,
  "verify": {
    "ObjectiveBound": 1e+100,
    "ObjectiveValue": NaN,
    "PredictedIndex": 9,
    "SolveStatus": "InfeasibleOrUnbounded",
    "SolveTime": 8.084129810333252,
    "TotalTime": 26.736322966,
    "robust": true,
    "status_known": true
  },
  "test_acc": 0.5874,
  "adv_out_score": [
    -0.08768072724342346,
    -2.0817463397979736,
    -1.1997108459472656,
    -2.3660478591918945,
    -1.2019671201705933,
    -3.5420384407043457,
    -1.313725471496582,
    -3.309962749481201,
    -0.08767862617969513,
    -1.401487112045288
  ],
  "adv_out_score_mm": [
    -0.08767899870872498,
    -2.0817463397979736,
    -1.1997112035751343,
    -2.3660483360290527,
    -1.2019672393798828,
    -3.542038679122925,
    -1.3137246370315552,
    -3.3099632263183594,
    -0.08767934143543243,
    -1.4014872312545776
  ],
  "inp_out_score": [
    -0.34688928723335266,
    -2.076154947280884,
    -1.2559126615524292,
    -2.2915282249450684,
    -1.2624492645263672,
    -3.48007869720459,
    -1.3031829595565796,
    -3.4389262199401855,
    0.3062233328819275,
    -1.3415319919586182
  ],
  "mat_model_path": "data/cifar10.mat.xz",
  "device": "cpu",
  "argv_options": [
    "--cpu",
    "--mm",
    "--log-file"
  ]
}