{
  "label": 8,
  "gap": -4.962317720107134e-08,
  "eps": 0.00784313725490196,
  "verify": {
    "ObjectiveBound": 1e+100,
    "ObjectiveValue": NaN,
    "PredictedIndex": 9,
    "SolveStatus": "InfeasibleOrUnbounded",
    "SolveTime": 9.065004110336304,
    "TotalTime": 26.252796834,
    "robust": true,
    "status_known": true
  },
  "test_acc": 0.5874,
  "adv_out_score": [
    -0.08767887949943542,
    -2.0817463397979736,
    -1.199710726737976,
    -2.3660480976104736,
    -1.2019667625427246,
    -3.542039394378662,
    -1.3137258291244507,
    -3.3099632263183594,
    -0.08767904341220856,
    -1.4014874696731567
  ],
  "adv_out_score_mm": [
    -0.08767971396446228,
    -2.0817463397979736,
    -1.1997110843658447,
    -2.366048812866211,
    -1.2019673585891724,
    -3.542039394378662,
    -1.313725471496582,
    -3.309964179992676,
    -0.0876779705286026,
    -1.4014874696731567
  ],
  "inp_out_score": [
    -0.34688934683799744,
    -2.0761547088623047,
    -1.2559123039245605,
    -2.2915267944335938,
    -1.262449026107788,
    -3.4800775051116943,
    -1.3031834363937378,
    -3.438925266265869,
    0.3062226176261902,
    -1.3415321111679077
  ],
  "mat_model_path": "data/cifar10.mat.xz",
  "device": "cuda",
  "argv_options": [
    "--stable",
    "--log-file"
  ]
}