{
  "label": 8,
  "gap": 0.0,
  "eps": 0.00784313725490196,
  "verify": {
    "ObjectiveBound": 1e+100,
    "ObjectiveValue": NaN,
    "PredictedIndex": 9,
    "SolveStatus": "InfeasibleOrUnbounded",
    "SolveTime": 9.163281917572021,
    "TotalTime": 27.618112793,
    "robust": true,
    "status_known": true
  },
  "test_acc": 0.5874,
  "adv_out_score": [
    -0.08768042922019958,
    -2.0817463397979736,
    -1.199711561203003,
    -2.3660480976104736,
    -1.2019673585891724,
    -3.542038917541504,
    -1.3137248754501343,
    -3.3099637031555176,
    -0.08767768740653992,
    -1.4014874696731567
  ],
  "adv_out_score_mm": [
    -0.08767828345298767,
    -2.0817458629608154,
    -1.199711561203003,
    -2.3660480976104736,
    -1.201967716217041,
    -3.542039155960083,
    -1.313724398612976,
    -3.3099637031555176,
    -0.08767935633659363,
    -1.4014872312545776
  ],
  "inp_out_score": [
    -0.34688928723335266,
    -2.076154947280884,
    -1.2559126615524292,
    -2.2915282249450684,
    -1.2624492645263672,
    -3.48007869720459,
    -1.3031829595565796,
    -3.4389262199401855,
    0.3062233626842499,
    -1.3415319919586182
  ],
  "mat_model_path": "data/cifar10.mat.xz",
  "device": "cpu",
  "argv_options": [
    "--no-gap",
    "--cpu",
    "--mm",
    "--log-file"
  ]
}