{
  "label": 8,
  "gap": -4.962317720107134e-08,
  "eps": 0.00784313725490196,
  "verify": {
    "ObjectiveBound": 1e+100,
    "ObjectiveValue": NaN,
    "PredictedIndex": 9,
    "SolveStatus": "InfeasibleOrUnbounded",
    "SolveTime": 9.836002111434937,
    "TotalTime": 29.007927845,
    "robust": true,
    "status_known": true
  },
  "test_acc": 0.5874,
  "adv_out_score": [
    -0.08757445216178894,
    -2.081728935241699,
    -1.1997039318084717,
    -2.3661158084869385,
    -1.201960563659668,
    -3.5420830249786377,
    -1.3137423992156982,
    -3.309882640838623,
    -0.08777911961078644,
    -1.4015175104141235
  ],
  "adv_out_score_mm": [
    -0.08767983317375183,
    -2.0817461013793945,
    -1.1997112035751343,
    -2.3660483360290527,
    -1.2019678354263306,
    -3.542038679122925,
    -1.3137248754501343,
    -3.3099637031555176,
    -0.0876772552728653,
    -1.4014874696731567
  ],
  "inp_out_score": [
    -0.34684357047080994,
    -2.0760767459869385,
    -1.25602388381958,
    -2.2915537357330322,
    -1.2625114917755127,
    -3.4800620079040527,
    -1.3031319379806519,
    -3.4389147758483887,
    0.30621564388275146,
    -1.341475486755371
  ],
  "mat_model_path": "data/cifar10.mat.xz",
  "device": "cuda",
  "argv_options": [
    "--log-file"
  ]
}