{
  "label": 8,
  "gap": 0.0,
  "eps": 0.00784313725490196,
  "verify": {
    "ObjectiveBound": 1e+100,
    "ObjectiveValue": NaN,
    "PredictedIndex": 9,
    "SolveStatus": "InfeasibleOrUnbounded",
    "SolveTime": 9.601125001907349,
    "TotalTime": 28.108461004,
    "robust": true,
    "status_known": true
  },
  "test_acc": 0.5874,
  "adv_out_score": [
    -0.08758577704429626,
    -2.08160400390625,
    -1.1998270750045776,
    -2.366176128387451,
    -1.201971411705017,
    -3.5420377254486084,
    -1.313735842704773,
    -3.3098397254943848,
    -0.08786013722419739,
    -1.4014488458633423
  ],
  "adv_out_score_mm": [
    -0.08767947554588318,
    -2.0817461013793945,
    -1.1997112035751343,
    -2.366048812866211,
    -1.2019683122634888,
    -3.5420401096343994,
    -1.3137253522872925,
    -3.309964656829834,
    -0.08767732977867126,
    -1.4014869928359985
  ],
  "inp_out_score": [
    -0.34684357047080994,
    -2.0760767459869385,
    -1.25602388381958,
    -2.2915537357330322,
    -1.2625114917755127,
    -3.4800620079040527,
    -1.3031319379806519,
    -3.4389147758483887,
    0.30621567368507385,
    -1.341475486755371
  ],
  "mat_model_path": "data/cifar10.mat.xz",
  "device": "cuda",
  "argv_options": [
    "--no-gap",
    "--log-file"
  ]
}