{
  "label": 8,
  "gap": -4.962317720107134e-08,
  "eps": 0.00784313725490196,
  "verify": {
    "ObjectiveBound": 1e+100,
    "ObjectiveValue": NaN,
    "PredictedIndex": 9,
    "SolveStatus": "InfeasibleOrUnbounded",
    "SolveTime": 9.078959226608276,
    "TotalTime": 30.091192049,
    "robust": true,
    "status_known": true
  },
  "test_acc": 0.5874,
  "adv_out_score": [
    -0.08767947554588318,
    -2.0817463397979736,
    -1.1997106075286865,
    -2.3660480976104736,
    -1.2019670009613037,
    -3.5420384407043457,
    -1.3137248754501343,
    -3.3099632263183594,
    -0.0876796692609787,
    -1.4014878273010254
  ],
  "adv_out_score_mm": [
    -0.08768007159233093,
    -2.0817456245422363,
    -1.1997116804122925,
    -2.3660483360290527,
    -1.2019679546356201,
    -3.542039155960083,
    -1.3137242794036865,
    -3.309964179992676,
    -0.08767800033092499,
    -1.4014872312545776
  ],
  "inp_out_score": [
    -0.34688928723335266,
    -2.076154947280884,
    -1.2559126615524292,
    -2.2915282249450684,
    -1.2624492645263672,
    -3.48007869720459,
    -1.3031829595565796,
    -3.4389262199401855,
    0.3062233328819275,
    -1.3415319919586182
  ],
  "mat_model_path": "data/cifar10.mat.xz",
  "device": "cpu",
  "argv_options": [
    "--cpu",
    "--log-file"
  ]
}