{
  "label": 1,
  "gap": 0.0,
  "eps": 0.00784313725490196,
  "verify": {
    "ObjectiveBound": 1e+100,
    "ObjectiveValue": NaN,
    "PredictedIndex": 2,
    "SolveStatus": "InfeasibleOrUnbounded",
    "SolveTime": 2.6760928630828857,
    "TotalTime": 23.562568785,
    "robust": true,
    "status_known": true
  },
  "test_acc": 0.5874,
  "adv_out_score": [
    -3.0167059898376465,
    -0.346775084733963,
    -1.6642636060714722,
    -1.6215825080871582,
    -1.9333326816558838,
    -1.778404951095581,
    -0.34550705552101135,
    -2.7299413681030273,
    -1.9453985691070557,
    -1.3053659200668335
  ],
  "adv_out_score_mm": [
    -3.016530752182007,
    -0.3461601436138153,
    -1.664608359336853,
    -1.6218483448028564,
    -1.9335312843322754,
    -1.77866530418396,
    -0.3461643159389496,
    -2.729544162750244,
    -1.945087194442749,
    -1.3048914670944214
  ],
  "inp_out_score": [
    -2.8560075759887695,
    0.22514578700065613,
    -1.8028299808502197,
    -1.8139889240264893,
    -2.159757137298584,
    -1.9936466217041016,
    -0.7075498104095459,
    -2.777538299560547,
    -1.7703808546066284,
    -0.9877650141716003
  ],
  "mat_model_path": "data/cifar10.mat.xz",
  "device": "cuda",
  "argv_options": [
    "--no-gap",
    "--log-file"
  ]
}