{
  "label": 1,
  "gap": -3.892646213089898e-07,
  "eps": 0.00784313725490196,
  "verify": {
    "ObjectiveBound": 1e+100,
    "ObjectiveValue": NaN,
    "PredictedIndex": 2,
    "SolveStatus": "InfeasibleOrUnbounded",
    "SolveTime": 2.502988815307617,
    "TotalTime": 21.269774083,
    "robust": true,
    "status_known": true
  },
  "test_acc": 0.5874,
  "adv_out_score": [
    -3.0165302753448486,
    -0.34616100788116455,
    -1.6646088361740112,
    -1.6218477487564087,
    -1.9335298538208008,
    -1.7786650657653809,
    -0.34616395831108093,
    -2.7295432090759277,
    -1.9450879096984863,
    -1.3048921823501587
  ],
  "adv_out_score_mm": [
    -3.0165302753448486,
    -0.34616339206695557,
    -1.664608359336853,
    -1.6218478679656982,
    -1.9335291385650635,
    -1.7786651849746704,
    -0.3461618721485138,
    -2.729544162750244,
    -1.9450879096984863,
    -1.3048932552337646
  ],
  "inp_out_score": [
    -2.8561549186706543,
    0.22528702020645142,
    -1.803026795387268,
    -1.8139028549194336,
    -2.1597485542297363,
    -1.9935886859893799,
    -0.7076131105422974,
    -2.7772750854492188,
    -1.7704004049301147,
    -0.9878007769584656
  ],
  "mat_model_path": "data/cifar10.mat.xz",
  "device": "cpu",
  "argv_options": [
    "--cpu",
    "--mm",
    "--log-file"
  ]
}