{
  "label": 1,
  "gap": -3.892646213089898e-07,
  "eps": 0.00784313725490196,
  "verify": {
    "ObjectiveBound": 1e+100,
    "ObjectiveValue": NaN,
    "PredictedIndex": 2,
    "SolveStatus": "InfeasibleOrUnbounded",
    "SolveTime": 2.8399951457977295,
    "TotalTime": 21.49395909,
    "robust": true,
    "status_known": true
  },
  "test_acc": 0.5874,
  "adv_out_score": [
    -3.016530752182007,
    -0.3461623191833496,
    -1.6646078824996948,
    -1.6218478679656982,
    -1.9335296154022217,
    -1.7786648273468018,
    -0.34616371989250183,
    -2.729543685913086,
    -1.945087194442749,
    -1.304892659187317
  ],
  "adv_out_score_mm": [
    -3.016530752182007,
    -0.34616315364837646,
    -1.6646076440811157,
    -1.6218469142913818,
    -1.9335300922393799,
    -1.7786641120910645,
    -0.3461627662181854,
    -2.7295432090759277,
    -1.9450879096984863,
    -1.3048932552337646
  ],
  "inp_out_score": [
    -2.856154203414917,
    0.22528821229934692,
    -1.803027629852295,
    -1.8139030933380127,
    -2.159748077392578,
    -1.993588924407959,
    -0.7076139450073242,
    -2.7772741317749023,
    -1.7704004049301147,
    -0.9878005385398865
  ],
  "mat_model_path": "data/cifar10.mat.xz",
  "device": "cuda",
  "argv_options": [
    "--mm",
    "--log-file"
  ]
}