{
  "label": 1,
  "gap": 0.0,
  "eps": 0.00784313725490196,
  "verify": {
    "ObjectiveBound": 1e+100,
    "ObjectiveValue": NaN,
    "PredictedIndex": 2,
    "SolveStatus": "InfeasibleOrUnbounded",
    "SolveTime": 2.5126900672912598,
    "TotalTime": 19.563374987,
    "robust": true,
    "status_known": true
  },
  "test_acc": 0.5874,
  "adv_out_score": [
    -3.016530752182007,
    -0.34616097807884216,
    -1.6646088361740112,
    -1.6218476295471191,
    -1.9335298538208008,
    -1.77866530418396,
    -0.34616348147392273,
    -2.729543685913086,
    -1.9450879096984863,
    -1.3048921823501587
  ],
  "adv_out_score_mm": [
    -3.0165305137634277,
    -0.3461627662181854,
    -1.6646084785461426,
    -1.6218477487564087,
    -1.9335293769836426,
    -1.77866530418396,
    -0.3461621105670929,
    -2.729544162750244,
    -1.945087194442749,
    -1.3048930168151855
  ],
  "inp_out_score": [
    -2.8561549186706543,
    0.22528740763664246,
    -1.803026795387268,
    -1.8139028549194336,
    -2.1597485542297363,
    -1.9935886859893799,
    -0.7076131105422974,
    -2.7772750854492188,
    -1.7704004049301147,
    -0.9878007769584656
  ],
  "mat_model_path": "data/cifar10.mat.xz",
  "device": "cpu",
  "argv_options": [
    "--no-gap",
    "--cpu",
    "--mm",
    "--log-file"
  ]
}