{
  "label": 1,
  "gap": -3.892646213089898e-07,
  "eps": 0.00784313725490196,
  "verify": {
    "ObjectiveBound": 1e+100,
    "ObjectiveValue": NaN,
    "PredictedIndex": 2,
    "SolveStatus": "InfeasibleOrUnbounded",
    "SolveTime": 2.483944892883301,
    "TotalTime": 18.677695005,
    "robust": true,
    "status_known": true
  },
  "test_acc": 0.5874,
  "adv_out_score": [
    -3.016530752182007,
    -0.34616315364837646,
    -1.664608120918274,
    -1.6218478679656982,
    -1.9335298538208008,
    -1.7786648273468018,
    -0.346162885427475,
    -2.7295446395874023,
    -1.9450874328613281,
    -1.304892897605896
  ],
  "adv_out_score_mm": [
    -3.016530752182007,
    -0.3461620807647705,
    -1.664608120918274,
    -1.62184739112854,
    -1.9335298538208008,
    -1.778664231300354,
    -0.34616324305534363,
    -2.7295432090759277,
    -1.9450879096984863,
    -1.304893136024475
  ],
  "inp_out_score": [
    -2.856154203414917,
    0.22528821229934692,
    -1.803027629852295,
    -1.8139030933380127,
    -2.159748077392578,
    -1.993588924407959,
    -0.7076139450073242,
    -2.7772741317749023,
    -1.7704004049301147,
    -0.9878005385398865
  ],
  "mat_model_path": "data/cifar10.mat.xz",
  "device": "cuda",
  "argv_options": [
    "--stable",
    "--log-file"
  ]
}