{
  "label": 1,
  "gap": -3.892646213089898e-07,
  "eps": 0.00784313725490196,
  "verify": {
    "ObjectiveBound": 1e+100,
    "ObjectiveValue": NaN,
    "PredictedIndex": 2,
    "SolveStatus": "InfeasibleOrUnbounded",
    "SolveTime": 2.623863935470581,
    "TotalTime": 19.412472754,
    "robust": true,
    "status_known": true
  },
  "test_acc": 0.5874,
  "adv_out_score": [
    -3.0166900157928467,
    -0.3468846082687378,
    -1.6642364263534546,
    -1.6215468645095825,
    -1.9332287311553955,
    -1.7783459424972534,
    -0.3455592095851898,
    -2.7298288345336914,
    -1.945326566696167,
    -1.3055006265640259
  ],
  "adv_out_score_mm": [
    -3.016530752182007,
    -0.34616076946258545,
    -1.6646085977554321,
    -1.6218478679656982,
    -1.9335300922393799,
    -1.7786650657653809,
    -0.3461638391017914,
    -2.729544162750244,
    -1.9450881481170654,
    -1.3048920631408691
  ],
  "inp_out_score": [
    -2.8560075759887695,
    0.2251453995704651,
    -1.8028299808502197,
    -1.8139889240264893,
    -2.159757137298584,
    -1.9936466217041016,
    -0.7075498104095459,
    -2.777538299560547,
    -1.7703808546066284,
    -0.9877650141716003
  ],
  "mat_model_path": "data/cifar10.mat.xz",
  "device": "cuda",
  "argv_options": [
    "--log-file"
  ]
}