{
  "label": 0,
  "gap": 0.0,
  "eps": 0.00784313725490196,
  "verify": {
    "ObjectiveBound": 1e+100,
    "ObjectiveValue": NaN,
    "PredictedIndex": 1,
    "SolveStatus": "InfeasibleOrUnbounded",
    "SolveTime": 3.9928410053253174,
    "TotalTime": 21.28152311,
    "robust": true,
    "status_known": true
  },
  "test_acc": 0.5874,
  "adv_out_score": [
    0.014305982738733292,
    -1.0066821575164795,
    0.01439395546913147,
    -1.6914782524108887,
    -0.5775346755981445,
    -0.7313705086708069,
    -2.6866023540496826,
    -2.3023743629455566,
    -1.356244683265686,
    -2.7554268836975098
  ],
  "adv_out_score_mm": [
    0.014346931129693985,
    -1.006670594215393,
    0.01434461772441864,
    -1.691506266593933,
    -0.577508807182312,
    -0.7313891649246216,
    -2.68662428855896,
    -2.302309036254883,
    -1.3562283515930176,
    -2.75543475151062
  ],
  "inp_out_score": [
    0.3417246639728546,
    -0.6838787198066711,
    -0.2013126164674759,
    -1.905004858970642,
    -0.7183859348297119,
    -0.9701739549636841,
    -2.871781349182129,
    -2.361260414123535,
    -1.1722265481948853,
    -2.5819485187530518
  ],
  "mat_model_path": "data/cifar10.mat.xz",
  "device": "cuda",
  "argv_options": [
    "--no-gap",
    "--log-file"
  ]
}