{
  "label": 0,
  "gap": 0.0,
  "eps": 0.00784313725490196,
  "verify": {
    "ObjectiveBound": 1e+100,
    "ObjectiveValue": NaN,
    "PredictedIndex": 1,
    "SolveStatus": "InfeasibleOrUnbounded",
    "SolveTime": 4.240930080413818,
    "TotalTime": 27.287691451,
    "robust": true,
    "status_known": true
  },
  "test_acc": 0.5874,
  "adv_out_score": [
    0.014345560222864151,
    -1.0066715478897095,
    0.014345735311508179,
    -1.691505789756775,
    -0.577507734298706,
    -0.7313889265060425,
    -2.6866233348846436,
    -2.302309513092041,
    -1.3562289476394653,
    -2.7554361820220947
  ],
  "adv_out_score_mm": [
    0.014347348362207413,
    -1.006670594215393,
    0.014344438910484314,
    -1.6915066242218018,
    -0.5775085687637329,
    -0.7313893437385559,
    -2.686624050140381,
    -2.302309513092041,
    -1.3562288284301758,
    -2.7554352283477783
  ],
  "inp_out_score": [
    0.3416726291179657,
    -0.6839060187339783,
    -0.20130570232868195,
    -1.9049930572509766,
    -0.7183868885040283,
    -0.9701241254806519,
    -2.8717689514160156,
    -2.36122989654541,
    -1.1722763776779175,
    -2.5819191932678223
  ],
  "mat_model_path": "data/cifar10.mat.xz",
  "device": "cuda",
  "argv_options": [
    "--no-gap",
    "--stable",
    "--log-file"
  ]
}