{
  "label": 0,
  "gap": 0.0,
  "eps": 0.00784313725490196,
  "verify": {
    "ObjectiveBound": 1e+100,
    "ObjectiveValue": NaN,
    "PredictedIndex": 1,
    "SolveStatus": "InfeasibleOrUnbounded",
    "SolveTime": 3.2823150157928467,
    "TotalTime": 19.919623718,
    "robust": true,
    "status_known": true
  },
  "test_acc": 0.5874,
  "adv_out_score": [
    0.014344844967126846,
    -1.0066697597503662,
    0.014344975352287292,
    -1.691506266593933,
    -0.5775079727172852,
    -0.7313897013664246,
    -2.686624765396118,
    -2.302309989929199,
    -1.3562281131744385,
    -2.7554354667663574
  ],
  "adv_out_score_mm": [
    0.014347884804010391,
    -1.0066708326339722,
    0.014345094561576843,
    -1.6915066242218018,
    -0.5775084495544434,
    -0.7313894033432007,
    -2.68662428855896,
    -2.302309036254883,
    -1.3562290668487549,
    -2.7554354667663574
  ],
  "inp_out_score": [
    0.3416728675365448,
    -0.6839058995246887,
    -0.20130600035190582,
    -1.9049935340881348,
    -0.7183871269226074,
    -0.9701247215270996,
    -2.871769428253174,
    -2.361229419708252,
    -1.1722753047943115,
    -2.5819196701049805
  ],
  "mat_model_path": "data/cifar10.mat.xz",
  "device": "cpu",
  "argv_options": [
    "--no-gap",
    "--cpu",
    "--log-file"
  ]
}