{
  "label": 0,
  "gap": -1.5647153250583005e-07,
  "eps": 0.00784313725490196,
  "verify": {
    "ObjectiveBound": 1e+100,
    "ObjectiveValue": NaN,
    "PredictedIndex": 1,
    "SolveStatus": "InfeasibleOrUnbounded",
    "SolveTime": 3.5032970905303955,
    "TotalTime": 22.849679764,
    "robust": true,
    "status_known": true
  },
  "test_acc": 0.5874,
  "adv_out_score": [
    0.014344658702611923,
    -1.0066694021224976,
    0.014345034956932068,
    -1.691506266593933,
    -0.5775084495544434,
    -0.731389582157135,
    -2.68662428855896,
    -2.302309989929199,
    -1.3562276363372803,
    -2.755434989929199
  ],
  "adv_out_score_mm": [
    0.014347370713949203,
    -1.0066702365875244,
    0.014344558119773865,
    -1.6915069818496704,
    -0.5775084495544434,
    -0.7313897609710693,
    -2.68662428855896,
    -2.302309513092041,
    -1.3562290668487549,
    -2.755434513092041
  ],
  "inp_out_score": [
    0.34167271852493286,
    -0.6839058995246887,
    -0.20130600035190582,
    -1.9049935340881348,
    -0.7183871269226074,
    -0.9701247215270996,
    -2.871769428253174,
    -2.361229419708252,
    -1.1722753047943115,
    -2.5819196701049805
  ],
  "mat_model_path": "data/cifar10.mat.xz",
  "device": "cpu",
  "argv_options": [
    "--cpu",
    "--log-file"
  ]
}