{
  "label": 0,
  "gap": -1.5647153250583005e-07,
  "eps": 0.00784313725490196,
  "verify": {
    "ObjectiveBound": 1e+100,
    "ObjectiveValue": NaN,
    "PredictedIndex": 1,
    "SolveStatus": "InfeasibleOrUnbounded",
    "SolveTime": 3.346978187561035,
    "TotalTime": 19.948276255,
    "robust": true,
    "status_known": true
  },
  "test_acc": 0.5874,
  "adv_out_score": [
    0.014345403760671616,
    -1.0066715478897095,
    0.014345720410346985,
    -1.691506028175354,
    -0.5775076150894165,
    -0.7313884496688843,
    -2.686624050140381,
    -2.302309989929199,
    -1.3562289476394653,
    -2.7554357051849365
  ],
  "adv_out_score_mm": [
    0.014346715062856674,
    -1.0066707134246826,
    0.014344558119773865,
    -1.691506266593933,
    -0.5775085687637329,
    -0.7313891649246216,
    -2.686624050140381,
    -2.302309036254883,
    -1.3562288284301758,
    -2.7554357051849365
  ],
  "inp_out_score": [
    0.34167248010635376,
    -0.6839060187339783,
    -0.20130570232868195,
    -1.9049930572509766,
    -0.7183868885040283,
    -0.9701241254806519,
    -2.8717689514160156,
    -2.36122989654541,
    -1.1722763776779175,
    -2.5819191932678223
  ],
  "mat_model_path": "data/cifar10.mat.xz",
  "device": "cuda",
  "argv_options": [
    "--stable",
    "--log-file"
  ]
}