{
  "label": 0,
  "gap": -1.5647153250583005e-07,
  "eps": 0.00784313725490196,
  "verify": {
    "ObjectiveBound": 1e+100,
    "ObjectiveValue": NaN,
    "PredictedIndex": 1,
    "SolveStatus": "InfeasibleOrUnbounded",
    "SolveTime": 3.3666579723358154,
    "TotalTime": 19.456038841,
    "robust": true,
    "status_known": true
  },
  "test_acc": 0.5874,
  "adv_out_score": [
    0.014295335859060287,
    -1.006664514541626,
    0.014413699507713318,
    -1.691491961479187,
    -0.577484130859375,
    -0.731371283531189,
    -2.6866238117218018,
    -2.3023033142089844,
    -1.3562575578689575,
    -2.755457878112793
  ],
  "adv_out_score_mm": [
    0.014346655458211899,
    -1.0066702365875244,
    0.014344289898872375,
    -1.6915065050125122,
    -0.5775090456008911,
    -0.7313891649246216,
    -2.686624050140381,
    -2.302309513092041,
    -1.3562289476394653,
    -2.755434513092041
  ],
  "inp_out_score": [
    0.3417245149612427,
    -0.6838787198066711,
    -0.2013126164674759,
    -1.905004858970642,
    -0.7183859348297119,
    -0.9701739549636841,
    -2.871781349182129,
    -2.361260414123535,
    -1.1722265481948853,
    -2.5819485187530518
  ],
  "mat_model_path": "data/cifar10.mat.xz",
  "device": "cuda",
  "argv_options": [
    "--log-file"
  ]
}