{
  "label": 0,
  "gap": -1.5647153250583005e-07,
  "eps": 0.00784313725490196,
  "verify": {
    "ObjectiveBound": 1e+100,
    "ObjectiveValue": NaN,
    "PredictedIndex": 1,
    "SolveStatus": "InfeasibleOrUnbounded",
    "SolveTime": 3.09165096282959,
    "TotalTime": 18.329420687,
    "robust": true,
    "status_known": true
  },
  "test_acc": 0.5874,
  "adv_out_score": [
    0.014346357434988022,
    -1.0066698789596558,
    0.014344438910484314,
    -1.6915063858032227,
    -0.5775084495544434,
    -0.7313896417617798,
    -2.686624765396118,
    -2.302309989929199,
    -1.3562278747558594,
    -2.755434989929199
  ],
  "adv_out_score_mm": [
    0.014345463365316391,
    -1.0066707134246826,
    0.014345690608024597,
    -1.6915065050125122,
    -0.5775084495544434,
    -0.7313892841339111,
    -2.686624050140381,
    -2.302309513092041,
    -1.3562290668487549,
    -2.7554354667663574
  ],
  "inp_out_score": [
    0.34167271852493286,
    -0.6839058995246887,
    -0.20130600035190582,
    -1.9049935340881348,
    -0.7183871269226074,
    -0.9701247215270996,
    -2.871769428253174,
    -2.361229419708252,
    -1.1722753047943115,
    -2.5819196701049805
  ],
  "mat_model_path": "data/cifar10.mat.xz",
  "device": "cpu",
  "argv_options": [
    "--cpu",
    "--mm",
    "--log-file"
  ]
}