{
  "label": 1,
  "gap": -6.98863132635501e-07,
  "eps": 0.00784313725490196,
  "verify": {
    "ObjectiveBound": 1e+100,
    "ObjectiveValue": NaN,
    "PredictedIndex": 2,
    "SolveStatus": "InfeasibleOrUnbounded",
    "SolveTime": 4.995326042175293,
    "TotalTime": 24.486171436,
    "robust": true,
    "status_known": true
  },
  "test_acc": 0.5874,
  "adv_out_score": [
    -1.912698745727539,
    -0.3002788722515106,
    -0.29964667558670044,
    -0.8064614534378052,
    -1.0548977851867676,
    -2.0763940811157227,
    -1.4783357381820679,
    -3.4219727516174316,
    -1.689112663269043,
    -1.1499930620193481
  ],
  "adv_out_score_mm": [
    -1.9127485752105713,
    -0.2998909056186676,
    -0.29989272356033325,
    -0.8065359592437744,
    -1.0549495220184326,
    -2.0765256881713867,
    -1.4785364866256714,
    -3.4217991828918457,
    -1.6889312267303467,
    -1.1497389078140259
  ],
  "inp_out_score": [
    -1.8882064819335938,
    0.3883974850177765,
    -0.5642560124397278,
    -0.9303920865058899,
    -1.2883365154266357,
    -2.2267558574676514,
    -1.586305022239685,
    -3.538811683654785,
    -1.5435945987701416,
    -0.7747284770011902
  ],
  "mat_model_path": "data/cifar10.mat.xz",
  "device": "cuda",
  "argv_options": [
    "--log-file"
  ]
}