{
  "label": 1,
  "gap": 0.0,
  "eps": 0.00784313725490196,
  "verify": {
    "ObjectiveBound": 1e+100,
    "ObjectiveValue": NaN,
    "PredictedIndex": 2,
    "SolveStatus": "InfeasibleOrUnbounded",
    "SolveTime": 4.795373916625977,
    "TotalTime": 23.74320566,
    "robust": true,
    "status_known": true
  },
  "test_acc": 0.5874,
  "adv_out_score": [
    -1.9127488136291504,
    -0.29989030957221985,
    -0.29989224672317505,
    -0.806536078453064,
    -1.0549497604370117,
    -2.0765254497528076,
    -1.478536605834961,
    -3.4217991828918457,
    -1.688930630683899,
    -1.1497396230697632
  ],
  "adv_out_score_mm": [
    -1.9127483367919922,
    -0.2998925745487213,
    -0.2998914122581482,
    -0.8065364956855774,
    -1.0549488067626953,
    -2.0765254497528076,
    -1.478536605834961,
    -3.4217991828918457,
    -1.6889301538467407,
    -1.149739384651184
  ],
  "inp_out_score": [
    -1.8881549835205078,
    0.3884177505970001,
    -0.5642725825309753,
    -0.9304295778274536,
    -1.2883386611938477,
    -2.2267940044403076,
    -1.5864909887313843,
    -3.538736343383789,
    -1.5434352159500122,
    -0.774718701839447
  ],
  "mat_model_path": "data/cifar10.mat.xz",
  "device": "cpu",
  "argv_options": [
    "--no-gap",
    "--cpu",
    "--mm",
    "--log-file"
  ]
}