{
  "label": 1,
  "gap": -6.98863132635501e-07,
  "eps": 0.00784313725490196,
  "verify": {
    "ObjectiveBound": 1e+100,
    "ObjectiveValue": NaN,
    "PredictedIndex": 2,
    "SolveStatus": "InfeasibleOrUnbounded",
    "SolveTime": 4.376254081726074,
    "TotalTime": 21.927925783,
    "robust": true,
    "status_known": true
  },
  "test_acc": 0.5874,
  "adv_out_score": [
    -1.9127490520477295,
    -0.2998908460140228,
    -0.2998921871185303,
    -0.8065361976623535,
    -1.0549492835998535,
    -2.0765254497528076,
    -1.4785367250442505,
    -3.4217987060546875,
    -1.6889302730560303,
    -1.1497395038604736
  ],
  "adv_out_score_mm": [
    -1.9127484560012817,
    -0.29989299178123474,
    -0.29989147186279297,
    -0.8065363764762878,
    -1.0549492835998535,
    -2.0765254497528076,
    -1.478536605834961,
    -3.421799659729004,
    -1.6889300346374512,
    -1.1497392654418945
  ],
  "inp_out_score": [
    -1.8881549835205078,
    0.3884170353412628,
    -0.5642725825309753,
    -0.9304295778274536,
    -1.2883386611938477,
    -2.2267940044403076,
    -1.5864909887313843,
    -3.538736343383789,
    -1.5434352159500122,
    -0.774718701839447
  ],
  "mat_model_path": "data/cifar10.mat.xz",
  "device": "cpu",
  "argv_options": [
    "--cpu",
    "--mm",
    "--log-file"
  ]
}