{
  "label": 1,
  "gap": 0.0,
  "eps": 0.00784313725490196,
  "verify": {
    "ObjectiveBound": 1e+100,
    "ObjectiveValue": NaN,
    "PredictedIndex": 2,
    "SolveStatus": "InfeasibleOrUnbounded",
    "SolveTime": 4.805988073348999,
    "TotalTime": 26.429293966,
    "robust": true,
    "status_known": true
  },
  "test_acc": 0.5874,
  "adv_out_score": [
    -1.9127485752105713,
    -0.2998921573162079,
    -0.29989099502563477,
    -0.8065359592437744,
    -1.0549499988555908,
    -2.0765254497528076,
    -1.4785369634628296,
    -3.4217987060546875,
    -1.6889309883117676,
    -1.1497408151626587
  ],
  "adv_out_score_mm": [
    -1.9127488136291504,
    -0.29989078640937805,
    -0.2998929023742676,
    -0.8065366744995117,
    -1.0549495220184326,
    -2.0765254497528076,
    -1.47853684425354,
    -3.4217991828918457,
    -1.6889293193817139,
    -1.1497387886047363
  ],
  "inp_out_score": [
    -1.8881549835205078,
    0.3884177505970001,
    -0.5642725825309753,
    -0.9304295778274536,
    -1.2883386611938477,
    -2.2267940044403076,
    -1.5864909887313843,
    -3.538736343383789,
    -1.5434352159500122,
    -0.774718701839447
  ],
  "mat_model_path": "data/cifar10.mat.xz",
  "device": "cpu",
  "argv_options": [
    "--no-gap",
    "--cpu",
    "--log-file"
  ]
}