{
  "label": 1,
  "gap": -6.98863132635501e-07,
  "eps": 0.00784313725490196,
  "verify": {
    "ObjectiveBound": 1e+100,
    "ObjectiveValue": NaN,
    "PredictedIndex": 2,
    "SolveStatus": "InfeasibleOrUnbounded",
    "SolveTime": 4.738229990005493,
    "TotalTime": 24.27888362,
    "robust": true,
    "status_known": true
  },
  "test_acc": 0.5874,
  "adv_out_score": [
    -1.9127483367919922,
    -0.2998909652233124,
    -0.2998926639556885,
    -0.8065364360809326,
    -1.0549492835998535,
    -2.076526165008545,
    -1.4785364866256714,
    -3.4217991828918457,
    -1.6889300346374512,
    -1.149739146232605
  ],
  "adv_out_score_mm": [
    -1.912748098373413,
    -0.2998921573162079,
    -0.2998918890953064,
    -0.8065359592437744,
    -1.0549492835998535,
    -2.0765256881713867,
    -1.4785369634628296,
    -3.421800136566162,
    -1.6889305114746094,
    -1.1497392654418945
  ],
  "inp_out_score": [
    -1.8881549835205078,
    0.38841602206230164,
    -0.5642722249031067,
    -0.9304299354553223,
    -1.2883375883102417,
    -2.2267935276031494,
    -1.5864914655685425,
    -3.538736343383789,
    -1.5434355735778809,
    -0.7747191786766052
  ],
  "mat_model_path": "data/cifar10.mat.xz",
  "device": "cuda",
  "argv_options": [
    "--mm",
    "--log-file"
  ]
}