{
  "label": 1,
  "gap": -6.98863132635501e-07,
  "eps": 0.00784313725490196,
  "verify": {
    "ObjectiveBound": 1e+100,
    "ObjectiveValue": NaN,
    "PredictedIndex": 2,
    "SolveStatus": "InfeasibleOrUnbounded",
    "SolveTime": 4.620187044143677,
    "TotalTime": 25.297001656,
    "robust": true,
    "status_known": true
  },
  "test_acc": 0.5874,
  "adv_out_score": [
    -1.9127490520477295,
    -0.29989227652549744,
    -0.2998911738395691,
    -0.8065359592437744,
    -1.0549497604370117,
    -2.0765254497528076,
    -1.4785367250442505,
    -3.421799659729004,
    -1.6889300346374512,
    -1.149740219116211
  ],
  "adv_out_score_mm": [
    -1.9127485752105713,
    -0.299891859292984,
    -0.29989248514175415,
    -0.8065362572669983,
    -1.0549492835998535,
    -2.0765254497528076,
    -1.4785364866256714,
    -3.4217991828918457,
    -1.6889299154281616,
    -1.1497389078140259
  ],
  "inp_out_score": [
    -1.8881549835205078,
    0.3884170353412628,
    -0.5642725825309753,
    -0.9304295778274536,
    -1.2883386611938477,
    -2.2267940044403076,
    -1.5864909887313843,
    -3.538736343383789,
    -1.5434352159500122,
    -0.774718701839447
  ],
  "mat_model_path": "data/cifar10.mat.xz",
  "device": "cpu",
  "argv_options": [
    "--cpu",
    "--log-file"
  ]
}