{
  "label": 1,
  "gap": 0.0,
  "eps": 0.00784313725490196,
  "verify": {
    "ObjectiveBound": 1e+100,
    "ObjectiveValue": NaN,
    "PredictedIndex": 2,
    "SolveStatus": "InfeasibleOrUnbounded",
    "SolveTime": 5.123950004577637,
    "TotalTime": 24.991861121,
    "robust": true,
    "status_known": true
  },
  "test_acc": 0.5874,
  "adv_out_score": [
    -1.9126654863357544,
    -0.3002835810184479,
    -0.2996136546134949,
    -0.806474506855011,
    -1.0548489093780518,
    -2.0764341354370117,
    -1.4784067869186401,
    -3.4219436645507812,
    -1.6891043186187744,
    -1.150010108947754
  ],
  "adv_out_score_mm": [
    -1.9127485752105713,
    -0.2998892366886139,
    -0.29989326000213623,
    -0.806536078453064,
    -1.0549497604370117,
    -2.0765254497528076,
    -1.4785362482070923,
    -3.4217991828918457,
    -1.688930869102478,
    -1.1497384309768677
  ],
  "inp_out_score": [
    -1.8882064819335938,
    0.3883982002735138,
    -0.5642560124397278,
    -0.9303920865058899,
    -1.2883365154266357,
    -2.2267558574676514,
    -1.586305022239685,
    -3.538811683654785,
    -1.5435945987701416,
    -0.7747284770011902
  ],
  "mat_model_path": "data/cifar10.mat.xz",
  "device": "cuda",
  "argv_options": [
    "--no-gap",
    "--log-file"
  ]
}