{
  "label": 0,
  "gap": -2.113083894704947e-07,
  "eps": 0.00784313725490196,
  "verify": {
    "ObjectiveBound": 1e+100,
    "ObjectiveValue": NaN,
    "PredictedIndex": 1,
    "SolveStatus": "InfeasibleOrUnbounded",
    "SolveTime": 20.05838894844055,
    "TotalTime": 36.27010176,
    "robust": true,
    "status_known": true
  },
  "test_acc": 0.5874,
  "adv_out_score": [
    0.7055761218070984,
    -3.700369119644165,
    0.7055742144584656,
    -1.4196139574050903,
    0.42021653056144714,
    -1.6400270462036133,
    -0.8855565786361694,
    -2.363050937652588,
    -0.5740326642990112,
    -3.865583658218384
  ],
  "adv_out_score_mm": [
    0.7055746912956238,
    -3.7003700733184814,
    0.7055752277374268,
    -1.4196135997772217,
    0.42021653056144714,
    -1.6400275230407715,
    -0.8855547904968262,
    -2.3630518913269043,
    -0.574033260345459,
    -3.865584373474121
  ],
  "inp_out_score": [
    1.1026655435562134,
    -3.442408323287964,
    0.5163421630859375,
    -1.599472999572754,
    0.2547719180583954,
    -1.8471348285675049,
    -1.088051199913025,
    -2.5153441429138184,
    -0.27884969115257263,
    -3.6969118118286133
  ],
  "mat_model_path": "data/cifar10.mat.xz",
  "device": "cpu",
  "argv_options": [
    "--cpu",
    "--mm",
    "--log-file"
  ]
}