{
  "label": 0,
  "gap": -2.113083894704947e-07,
  "eps": 0.00784313725490196,
  "verify": {
    "ObjectiveBound": 1e+100,
    "ObjectiveValue": NaN,
    "PredictedIndex": 1,
    "SolveStatus": "InfeasibleOrUnbounded",
    "SolveTime": 18.134037971496582,
    "TotalTime": 34.695874189,
    "robust": true,
    "status_known": true
  },
  "test_acc": 0.5874,
  "adv_out_score": [
    0.7054652571678162,
    -3.700470209121704,
    0.7056378722190857,
    -1.419539213180542,
    0.42028501629829407,
    -1.639983892440796,
    -0.8854953050613403,
    -2.3630242347717285,
    -0.574128270149231,
    -3.865633964538574
  ],
  "adv_out_score_mm": [
    0.7055765986442566,
    -3.700369119644165,
    0.705574095249176,
    -1.4196140766143799,
    0.4202161729335785,
    -1.640027403831482,
    -0.8855558633804321,
    -2.363050937652588,
    -0.5740326642990112,
    -3.865584373474121
  ],
  "inp_out_score": [
    1.102702021598816,
    -3.4423987865448,
    0.5163475871086121,
    -1.5994937419891357,
    0.25475946068763733,
    -1.8471578359603882,
    -1.088051438331604,
    -2.5153608322143555,
    -0.27883413434028625,
    -3.696911573410034
  ],
  "mat_model_path": "data/cifar10.mat.xz",
  "device": "cuda",
  "argv_options": [
    "--log-file"
  ]
}