{
  "label": 0,
  "gap": 0.0,
  "eps": 0.00784313725490196,
  "verify": {
    "ObjectiveBound": 1e+100,
    "ObjectiveValue": NaN,
    "PredictedIndex": 1,
    "SolveStatus": "InfeasibleOrUnbounded",
    "SolveTime": 18.96341896057129,
    "TotalTime": 34.80273364,
    "robust": true,
    "status_known": true
  },
  "test_acc": 0.5874,
  "adv_out_score": [
    0.705576479434967,
    -3.700369358062744,
    0.7055743336677551,
    -1.4196139574050903,
    0.42021629214286804,
    -1.6400270462036133,
    -0.8855562210083008,
    -2.3630504608154297,
    -0.5740329027175903,
    -3.865583896636963
  ],
  "adv_out_score_mm": [
    0.7055746912956238,
    -3.7003700733184814,
    0.705575168132782,
    -1.4196135997772217,
    0.42021700739860535,
    -1.640027403831482,
    -0.8855544328689575,
    -2.363050937652588,
    -0.5740334987640381,
    -3.865584373474121
  ],
  "inp_out_score": [
    1.102665662765503,
    -3.442408323287964,
    0.5163421630859375,
    -1.599472999572754,
    0.2547719180583954,
    -1.8471348285675049,
    -1.088051199913025,
    -2.5153441429138184,
    -0.27884969115257263,
    -3.6969118118286133
  ],
  "mat_model_path": "data/cifar10.mat.xz",
  "device": "cpu",
  "argv_options": [
    "--no-gap",
    "--cpu",
    "--mm",
    "--log-file"
  ]
}