{
  "label": 0,
  "gap": 0.0,
  "eps": 0.00784313725490196,
  "verify": {
    "ObjectiveBound": 1e+100,
    "ObjectiveValue": NaN,
    "PredictedIndex": 1,
    "SolveStatus": "InfeasibleOrUnbounded",
    "SolveTime": 19.665058851242065,
    "TotalTime": 41.010525891,
    "robust": true,
    "status_known": true
  },
  "test_acc": 0.5874,
  "adv_out_score": [
    0.7054451107978821,
    -3.7004804611206055,
    0.7056282162666321,
    -1.41952645778656,
    0.4202745258808136,
    -1.6399484872817993,
    -0.8854900598526001,
    -2.36299991607666,
    -0.5741444826126099,
    -3.865619659423828
  ],
  "adv_out_score_mm": [
    0.7055768966674805,
    -3.7003695964813232,
    0.7055745124816895,
    -1.4196138381958008,
    0.42021623253822327,
    -1.640027642250061,
    -0.8855562210083008,
    -2.363050937652588,
    -0.5740326642990112,
    -3.8655848503112793
  ],
  "inp_out_score": [
    1.1027021408081055,
    -3.4423987865448,
    0.5163475871086121,
    -1.5994937419891357,
    0.25475946068763733,
    -1.8471578359603882,
    -1.088051438331604,
    -2.5153608322143555,
    -0.27883413434028625,
    -3.696911573410034
  ],
  "mat_model_path": "data/cifar10.mat.xz",
  "device": "cuda",
  "argv_options": [
    "--no-gap",
    "--log-file"
  ]
}