{
  "label": 8,
  "gap": 0.0,
  "eps": 0.00784313725490196,
  "verify": {
    "ObjectiveBound": 1e+100,
    "ObjectiveValue": NaN,
    "PredictedIndex": 9,
    "SolveStatus": "InfeasibleOrUnbounded",
    "SolveTime": 6.543030023574829,
    "TotalTime": 27.979058676,
    "robust": true,
    "status_known": true
  },
  "test_acc": 0.5874,
  "adv_out_score": [
    -2.383352041244507,
    -3.7140634059906006,
    -0.9162433743476868,
    -0.24845582246780396,
    -0.6966215372085571,
    -0.6349202394485474,
    -0.5848031044006348,
    -3.215099811553955,
    -0.24845364689826965,
    -3.07315993309021
  ],
  "adv_out_score_mm": [
    -2.3833518028259277,
    -3.7140636444091797,
    -0.9162432551383972,
    -0.2484545111656189,
    -0.6966210603713989,
    -0.6349194049835205,
    -0.584802508354187,
    -3.2150988578796387,
    -0.24845483899116516,
    -3.073160409927368
  ],
  "inp_out_score": [
    -2.3532001972198486,
    -3.337693929672241,
    -1.1290379762649536,
    -0.41527223587036133,
    -0.9543237686157227,
    -0.8137458562850952,
    -0.7753076553344727,
    -3.4037981033325195,
    0.22903233766555786,
    -2.8466053009033203
  ],
  "mat_model_path": "data/cifar10.mat.xz",
  "device": "cuda",
  "argv_options": [
    "--no-gap",
    "--mm",
    "--log-file"
  ]
}