{
  "label": 8,
  "gap": 0.0,
  "eps": 0.00784313725490196,
  "verify": {
    "ObjectiveBound": 1e+100,
    "ObjectiveValue": NaN,
    "PredictedIndex": 9,
    "SolveStatus": "InfeasibleOrUnbounded",
    "SolveTime": 6.0858659744262695,
    "TotalTime": 24.825884914,
    "robust": true,
    "status_known": true
  },
  "test_acc": 0.5874,
  "adv_out_score": [
    -2.3833703994750977,
    -3.714099168777466,
    -0.916204035282135,
    -0.24840819835662842,
    -0.6965742111206055,
    -0.634888768196106,
    -0.58476722240448,
    -3.2150535583496094,
    -0.2485438585281372,
    -3.073199987411499
  ],
  "adv_out_score_mm": [
    -2.383352518081665,
    -3.714062213897705,
    -0.916243851184845,
    -0.24845585227012634,
    -0.696622371673584,
    -0.6349199414253235,
    -0.5848028659820557,
    -3.2151007652282715,
    -0.24845176935195923,
    -3.07315993309021
  ],
  "inp_out_score": [
    -2.3532254695892334,
    -3.337677001953125,
    -1.1290339231491089,
    -0.41527193784713745,
    -0.9543173313140869,
    -0.8137407898902893,
    -0.7753007411956787,
    -3.403794765472412,
    0.22902294993400574,
    -2.846611738204956
  ],
  "mat_model_path": "data/cifar10.mat.xz",
  "device": "cuda",
  "argv_options": [
    "--no-gap",
    "--log-file"
  ]
}