{
  "label": 8,
  "gap": -2.6608509743111195e-07,
  "eps": 0.00784313725490196,
  "verify": {
    "ObjectiveBound": 1e+100,
    "ObjectiveValue": NaN,
    "PredictedIndex": 9,
    "SolveStatus": "InfeasibleOrUnbounded",
    "SolveTime": 6.224977970123291,
    "TotalTime": 23.407326591,
    "robust": true,
    "status_known": true
  },
  "test_acc": 0.5874,
  "adv_out_score": [
    -2.3833816051483154,
    -3.714102268218994,
    -0.9161991477012634,
    -0.24840611219406128,
    -0.6965663433074951,
    -0.6348775625228882,
    -0.5847724676132202,
    -3.2150440216064453,
    -0.24855747818946838,
    -3.0732080936431885
  ],
  "adv_out_score_mm": [
    -2.383352518081665,
    -3.7140634059906006,
    -0.9162440896034241,
    -0.24845567345619202,
    -0.6966218948364258,
    -0.6349200010299683,
    -0.5848022699356079,
    -3.2151012420654297,
    -0.24845203757286072,
    -3.0731592178344727
  ],
  "inp_out_score": [
    -2.3532254695892334,
    -3.337677001953125,
    -1.1290339231491089,
    -0.41527193784713745,
    -0.9543173313140869,
    -0.8137407898902893,
    -0.7753007411956787,
    -3.403794765472412,
    0.22902268171310425,
    -2.846611738204956
  ],
  "mat_model_path": "data/cifar10.mat.xz",
  "device": "cuda",
  "argv_options": [
    "--log-file"
  ]
}