{
  "label": 8,
  "gap": -2.6608509743111195e-07,
  "eps": 0.00784313725490196,
  "verify": {
    "ObjectiveBound": 1e+100,
    "ObjectiveValue": NaN,
    "PredictedIndex": 9,
    "SolveStatus": "InfeasibleOrUnbounded",
    "SolveTime": 7.552175045013428,
    "TotalTime": 26.117439912,
    "robust": true,
    "status_known": true
  },
  "test_acc": 0.5874,
  "adv_out_score": [
    -2.3833532333374023,
    -3.714064121246338,
    -0.9162428975105286,
    -0.24845558404922485,
    -0.6966217756271362,
    -0.6349197626113892,
    -0.584802508354187,
    -3.215099811553955,
    -0.2484528124332428,
    -3.073159694671631
  ],
  "adv_out_score_mm": [
    -2.383352279663086,
    -3.714064359664917,
    -0.9162432551383972,
    -0.24845439195632935,
    -0.696621298789978,
    -0.6349193453788757,
    -0.5848028659820557,
    -3.215099334716797,
    -0.2484544813632965,
    -3.073160409927368
  ],
  "inp_out_score": [
    -2.3532001972198486,
    -3.337693929672241,
    -1.1290379762649536,
    -0.41527223587036133,
    -0.9543237686157227,
    -0.8137458562850952,
    -0.7753076553344727,
    -3.4037981033325195,
    0.22903206944465637,
    -2.8466053009033203
  ],
  "mat_model_path": "data/cifar10.mat.xz",
  "device": "cuda",
  "argv_options": [
    "--mm",
    "--log-file"
  ]
}