{
  "label": 8,
  "gap": -2.6608509743111195e-07,
  "eps": 0.00784313725490196,
  "verify": {
    "ObjectiveBound": 1e+100,
    "ObjectiveValue": NaN,
    "PredictedIndex": 9,
    "SolveStatus": "InfeasibleOrUnbounded",
    "SolveTime": 6.014084815979004,
    "TotalTime": 25.570122434,
    "robust": true,
    "status_known": true
  },
  "test_acc": 0.5874,
  "adv_out_score": [
    -2.383352041244507,
    -3.714064836502075,
    -0.9162436127662659,
    -0.24845445156097412,
    -0.6966216564178467,
    -0.6349195837974548,
    -0.5848020315170288,
    -3.2150983810424805,
    -0.24845463037490845,
    -3.073160171508789
  ],
  "adv_out_score_mm": [
    -2.383352756500244,
    -3.714064836502075,
    -0.9162436127662659,
    -0.24845534563064575,
    -0.6966211795806885,
    -0.6349198222160339,
    -0.5848020315170288,
    -3.215099334716797,
    -0.24845212697982788,
    -3.073160171508789
  ],
  "inp_out_score": [
    -2.353200674057007,
    -3.3376951217651367,
    -1.1290371417999268,
    -0.41527193784713745,
    -0.9543235301971436,
    -0.8137451410293579,
    -0.7753071784973145,
    -3.403797149658203,
    0.2290312647819519,
    -2.8466055393218994
  ],
  "mat_model_path": "data/cifar10.mat.xz",
  "device": "cpu",
  "argv_options": [
    "--cpu",
    "--log-file"
  ]
}