{
  "label": 1,
  "gap": 0.0,
  "eps": 0.00784313725490196,
  "verify": {
    "ObjectiveBound": 1e+100,
    "ObjectiveValue": NaN,
    "PredictedIndex": 2,
    "SolveStatus": "InfeasibleOrUnbounded",
    "SolveTime": 5.073302984237671,
    "TotalTime": 24.498976341,
    "robust": true,
    "status_known": true
  },
  "test_acc": 0.5874,
  "adv_out_score": [
    -1.9252471923828125,
    -0.3302512466907501,
    -2.11643648147583,
    -1.7029342651367188,
    -0.3302502930164337,
    -2.0366532802581787,
    -1.2691929340362549,
    -1.0594764947891235,
    -2.451336145401001,
    -1.8442670106887817
  ],
  "adv_out_score_mm": [
    -1.9252476692199707,
    -0.3302500545978546,
    -2.1164371967315674,
    -1.7029333114624023,
    -0.330251008272171,
    -2.036653518676758,
    -1.2691923379898071,
    -1.0594764947891235,
    -2.4513368606567383,
    -1.8442658185958862
  ],
  "inp_out_score": [
    -1.7251689434051514,
    0.14571723341941833,
    -2.2701687812805176,
    -1.8825736045837402,
    -0.5928845405578613,
    -2.23543381690979,
    -1.455153226852417,
    -1.217882752418518,
    -2.2454540729522705,
    -1.5791281461715698
  ],
  "mat_model_path": "data/cifar10.mat.xz",
  "device": "cpu",
  "argv_options": [
    "--no-gap",
    "--cpu",
    "--log-file"
  ]
}