{
  "label": 1,
  "gap": 0.0,
  "eps": 0.00784313725490196,
  "verify": {
    "ObjectiveBound": 1e+100,
    "ObjectiveValue": NaN,
    "PredictedIndex": 2,
    "SolveStatus": "InfeasibleOrUnbounded",
    "SolveTime": 5.599146842956543,
    "TotalTime": 21.678022926,
    "robust": true,
    "status_known": true
  },
  "test_acc": 0.5874,
  "adv_out_score": [
    -1.9252476692199707,
    -0.33024969696998596,
    -2.1164371967315674,
    -1.7029345035552979,
    -0.3302507698535919,
    -2.0366532802581787,
    -1.2691928148269653,
    -1.0594768524169922,
    -2.4513356685638428,
    -1.8442661762237549
  ],
  "adv_out_score_mm": [
    -1.9252477884292603,
    -0.3302517235279083,
    -2.1164371967315674,
    -1.7029330730438232,
    -0.3302495777606964,
    -2.0366528034210205,
    -1.2691928148269653,
    -1.0594755411148071,
    -2.4513368606567383,
    -1.844266414642334
  ],
  "inp_out_score": [
    -1.7251689434051514,
    0.14571723341941833,
    -2.2701687812805176,
    -1.8825736045837402,
    -0.5928845405578613,
    -2.23543381690979,
    -1.455153226852417,
    -1.217882752418518,
    -2.2454540729522705,
    -1.5791281461715698
  ],
  "mat_model_path": "data/cifar10.mat.xz",
  "device": "cpu",
  "argv_options": [
    "--no-gap",
    "--cpu",
    "--mm",
    "--log-file"
  ]
}