{
  "label": 1,
  "gap": -5.1313567727185544e-08,
  "eps": 0.00784313725490196,
  "verify": {
    "ObjectiveBound": 1e+100,
    "ObjectiveValue": NaN,
    "PredictedIndex": 2,
    "SolveStatus": "InfeasibleOrUnbounded",
    "SolveTime": 6.199547052383423,
    "TotalTime": 24.940554676,
    "robust": true,
    "status_known": true
  },
  "test_acc": 0.5874,
  "adv_out_score": [
    -1.925531029701233,
    -0.33083513379096985,
    -2.1162285804748535,
    -1.7026407718658447,
    -0.32977554202079773,
    -2.036233425140381,
    -1.2689998149871826,
    -1.0590406656265259,
    -2.451786518096924,
    -1.8446463346481323
  ],
  "adv_out_score_mm": [
    -1.9252475500106812,
    -0.33024862408638,
    -2.1164374351501465,
    -1.7029341459274292,
    -0.33025166392326355,
    -2.0366532802581787,
    -1.2691926956176758,
    -1.0594768524169922,
    -2.451335906982422,
    -1.844265103340149
  ],
  "inp_out_score": [
    -1.7252312898635864,
    0.14571329951286316,
    -2.270124912261963,
    -1.8825020790100098,
    -0.5928504467010498,
    -2.235283374786377,
    -1.4550161361694336,
    -1.2180131673812866,
    -2.245570659637451,
    -1.5791319608688354
  ],
  "mat_model_path": "data/cifar10.mat.xz",
  "device": "cuda",
  "argv_options": [
    "--log-file"
  ]
}