{
  "label": 1,
  "gap": -5.1313567727185544e-08,
  "eps": 0.00784313725490196,
  "verify": {
    "ObjectiveBound": 1e+100,
    "ObjectiveValue": NaN,
    "PredictedIndex": 2,
    "SolveStatus": "InfeasibleOrUnbounded",
    "SolveTime": 6.730443000793457,
    "TotalTime": 29.392047932,
    "robust": true,
    "status_known": true
  },
  "test_acc": 0.5874,
  "adv_out_score": [
    -1.925247311592102,
    -0.33024898171424866,
    -2.1164369583129883,
    -1.7029342651367188,
    -0.3302516043186188,
    -2.036653518676758,
    -1.2691924571990967,
    -1.05947744846344,
    -2.45133638381958,
    -1.8442660570144653
  ],
  "adv_out_score_mm": [
    -1.9252467155456543,
    -0.330251008272171,
    -2.1164369583129883,
    -1.702933669090271,
    -0.33025047183036804,
    -2.036653757095337,
    -1.2691925764083862,
    -1.0594764947891235,
    -2.4513373374938965,
    -1.8442665338516235
  ],
  "inp_out_score": [
    -1.7251696586608887,
    0.14571768045425415,
    -2.2701685428619385,
    -1.8825736045837402,
    -0.5928844213485718,
    -2.23543381690979,
    -1.4551528692245483,
    -1.217882752418518,
    -2.245455741882324,
    -1.5791280269622803
  ],
  "mat_model_path": "data/cifar10.mat.xz",
  "device": "cuda",
  "argv_options": [
    "--mm",
    "--log-file"
  ]
}