{
  "label": 1,
  "gap": -5.1313567727185544e-08,
  "eps": 0.00784313725490196,
  "verify": {
    "ObjectiveBound": 1e+100,
    "ObjectiveValue": NaN,
    "PredictedIndex": 2,
    "SolveStatus": "InfeasibleOrUnbounded",
    "SolveTime": 4.678954124450684,
    "TotalTime": 20.753855319,
    "robust": true,
    "status_known": true
  },
  "test_acc": 0.5874,
  "adv_out_score": [
    -1.9252471923828125,
    -0.33024951815605164,
    -2.11643648147583,
    -1.7029345035552979,
    -0.3302505314350128,
    -2.036653518676758,
    -1.2691925764083862,
    -1.0594772100448608,
    -2.451336145401001,
    -1.8442662954330444
  ],
  "adv_out_score_mm": [
    -1.9252475500106812,
    -0.33025166392326355,
    -2.1164369583129883,
    -1.7029330730438232,
    -0.3302498161792755,
    -2.0366525650024414,
    -1.2691924571990967,
    -1.0594755411148071,
    -2.4513368606567383,
    -1.8442660570144653
  ],
  "inp_out_score": [
    -1.7251689434051514,
    0.14571717381477356,
    -2.2701687812805176,
    -1.8825736045837402,
    -0.5928845405578613,
    -2.23543381690979,
    -1.455153226852417,
    -1.217882752418518,
    -2.2454540729522705,
    -1.5791281461715698
  ],
  "mat_model_path": "data/cifar10.mat.xz",
  "device": "cpu",
  "argv_options": [
    "--cpu",
    "--mm",
    "--log-file"
  ]
}