{
  "label": 1,
  "gap": 0.0,
  "eps": 0.00784313725490196,
  "verify": {
    "ObjectiveBound": 1e+100,
    "ObjectiveValue": NaN,
    "PredictedIndex": 2,
    "SolveStatus": "InfeasibleOrUnbounded",
    "SolveTime": 5.369159936904907,
    "TotalTime": 23.496194574,
    "robust": true,
    "status_known": true
  },
  "test_acc": 0.5874,
  "adv_out_score": [
    -1.9252468347549438,
    -0.33024927973747253,
    -2.1164371967315674,
    -1.7029342651367188,
    -0.3302513659000397,
    -2.0366532802581787,
    -1.2691924571990967,
    -1.05947744846344,
    -2.4513368606567383,
    -1.8442660570144653
  ],
  "adv_out_score_mm": [
    -1.9252467155456543,
    -0.33025118708610535,
    -2.1164369583129883,
    -1.70293390750885,
    -0.3302505910396576,
    -2.0366532802581787,
    -1.2691923379898071,
    -1.0594764947891235,
    -2.451336622238159,
    -1.8442667722702026
  ],
  "inp_out_score": [
    -1.7251696586608887,
    0.14571774005889893,
    -2.2701685428619385,
    -1.8825736045837402,
    -0.5928844213485718,
    -2.23543381690979,
    -1.4551528692245483,
    -1.217882752418518,
    -2.245455741882324,
    -1.5791280269622803
  ],
  "mat_model_path": "data/cifar10.mat.xz",
  "device": "cuda",
  "argv_options": [
    "--no-gap",
    "--mm",
    "--log-file"
  ]
}