{
  "label": 1,
  "gap": -5.1313567727185544e-08,
  "eps": 0.00784313725490196,
  "verify": {
    "ObjectiveBound": 1e+100,
    "ObjectiveValue": NaN,
    "PredictedIndex": 2,
    "SolveStatus": "InfeasibleOrUnbounded",
    "SolveTime": 5.142487049102783,
    "TotalTime": 24.514935448,
    "robust": true,
    "status_known": true
  },
  "test_acc": 0.5874,
  "adv_out_score": [
    -1.9252465963363647,
    -0.33025118708610535,
    -2.11643648147583,
    -1.7029342651367188,
    -0.3302502930164337,
    -2.036653995513916,
    -1.2691925764083862,
    -1.0594775676727295,
    -2.451336145401001,
    -1.844266414642334
  ],
  "adv_out_score_mm": [
    -1.925247311592102,
    -0.3302493989467621,
    -2.1164374351501465,
    -1.7029330730438232,
    -0.3302514851093292,
    -2.0366532802581787,
    -1.2691923379898071,
    -1.0594757795333862,
    -2.45133638381958,
    -1.8442652225494385
  ],
  "inp_out_score": [
    -1.7251689434051514,
    0.14571717381477356,
    -2.2701687812805176,
    -1.8825736045837402,
    -0.5928845405578613,
    -2.23543381690979,
    -1.455153226852417,
    -1.217882752418518,
    -2.2454540729522705,
    -1.5791281461715698
  ],
  "mat_model_path": "data/cifar10.mat.xz",
  "device": "cpu",
  "argv_options": [
    "--cpu",
    "--log-file"
  ]
}