{
  "label": 1,
  "gap": 0.0,
  "eps": 0.00784313725490196,
  "verify": {
    "ObjectiveBound": 1e+100,
    "ObjectiveValue": NaN,
    "PredictedIndex": 2,
    "SolveStatus": "InfeasibleOrUnbounded",
    "SolveTime": 5.680815935134888,
    "TotalTime": 25.332014804,
    "robust": true,
    "status_known": true
  },
  "test_acc": 0.5874,
  "adv_out_score": [
    -1.9253545999526978,
    -0.33069390058517456,
    -2.1160755157470703,
    -1.7026910781860352,
    -0.32985106110572815,
    -2.0364558696746826,
    -1.2690541744232178,
    -1.0593777894973755,
    -2.451784610748291,
    -1.8447446823120117
  ],
  "adv_out_score_mm": [
    -1.9252463579177856,
    -0.33024898171424866,
    -2.1164376735687256,
    -1.7029340267181396,
    -0.3302514851093292,
    -2.0366532802581787,
    -1.269193172454834,
    -1.0594772100448608,
    -2.451335906982422,
    -1.8442655801773071
  ],
  "inp_out_score": [
    -1.7252312898635864,
    0.14571335911750793,
    -2.270124912261963,
    -1.8825020790100098,
    -0.5928504467010498,
    -2.235283374786377,
    -1.4550161361694336,
    -1.2180131673812866,
    -2.245570659637451,
    -1.5791319608688354
  ],
  "mat_model_path": "data/cifar10.mat.xz",
  "device": "cuda",
  "argv_options": [
    "--no-gap",
    "--log-file"
  ]
}