{
  "label": 2,
  "gap": -1.268057713222168e-05,
  "eps": 0.00784313725490196,
  "verify": {
    "ObjectiveBound": 1e+100,
    "ObjectiveValue": NaN,
    "PredictedIndex": 3,
    "SolveStatus": "InfeasibleOrUnbounded",
    "SolveTime": 32.37315607070923,
    "TotalTime": 51.49614693,
    "robust": true,
    "status_known": true
  },
  "test_acc": 0.5874,
  "adv_out_score": [
    -0.5421252846717834,
    -2.850878953933716,
    0.6886962652206421,
    0.6886963248252869,
    -0.3853028118610382,
    -1.5829625129699707,
    -0.9162019491195679,
    -2.8470935821533203,
    -2.1484627723693848,
    -4.750868797302246
  ],
  "adv_out_score_mm": [
    -0.5421246886253357,
    -2.8508780002593994,
    0.6886971592903137,
    0.6886962056159973,
    -0.3853025734424591,
    -1.5829626321792603,
    -0.916202187538147,
    -2.8470935821533203,
    -2.1484627723693848,
    -4.750869274139404
  ],
  "inp_out_score": [
    -0.5827425122261047,
    -3.0556392669677734,
    0.9864353537559509,
    0.6462326645851135,
    -0.2332935631275177,
    -1.6246674060821533,
    -0.861524224281311,
    -2.7910380363464355,
    -2.348491907119751,
    -4.839976787567139
  ],
  "mat_model_path": "data/cifar10.mat.xz",
  "device": "cpu",
  "argv_options": [
    "--cpu",
    "--log-file"
  ]
}