{
  "label": 2,
  "gap": -1.268057713222168e-05,
  "eps": 0.00784313725490196,
  "verify": {
    "ObjectiveBound": 1e+100,
    "ObjectiveValue": NaN,
    "PredictedIndex": 3,
    "SolveStatus": "InfeasibleOrUnbounded",
    "SolveTime": 26.662233114242554,
    "TotalTime": 43.894872297,
    "robust": true,
    "status_known": true
  },
  "test_acc": 0.5874,
  "adv_out_score": [
    -0.5421253442764282,
    -2.850879430770874,
    0.6886969208717346,
    0.6886960864067078,
    -0.3853025734424591,
    -1.5829626321792603,
    -0.9162024259567261,
    -2.8470935821533203,
    -2.1484627723693848,
    -4.7508697509765625
  ],
  "adv_out_score_mm": [
    -0.5421253442764282,
    -2.8508784770965576,
    0.6886967420578003,
    0.6886970400810242,
    -0.3853020966053009,
    -1.5829620361328125,
    -0.9162019491195679,
    -2.847093105316162,
    -2.148463010787964,
    -4.750869274139404
  ],
  "inp_out_score": [
    -0.5827425122261047,
    -3.0556392669677734,
    0.9864353537559509,
    0.6462326645851135,
    -0.2332935631275177,
    -1.6246674060821533,
    -0.861524224281311,
    -2.7910380363464355,
    -2.348491907119751,
    -4.839976787567139
  ],
  "mat_model_path": "data/cifar10.mat.xz",
  "device": "cpu",
  "argv_options": [
    "--cpu",
    "--mm",
    "--log-file"
  ]
}