{
  "label": 2,
  "gap": 0.0,
  "eps": 0.00784313725490196,
  "verify": {
    "ObjectiveBound": 1e+100,
    "ObjectiveValue": NaN,
    "PredictedIndex": 3,
    "SolveStatus": "InfeasibleOrUnbounded",
    "SolveTime": 48.62554121017456,
    "TotalTime": 64.833817774,
    "robust": true,
    "status_known": true
  },
  "test_acc": 0.5874,
  "adv_out_score": [
    -0.5421310663223267,
    -2.850867986679077,
    0.6886944770812988,
    0.6887040734291077,
    -0.3853090703487396,
    -1.5829551219940186,
    -0.9162052869796753,
    -2.8470816612243652,
    -2.148463487625122,
    -4.750860691070557
  ],
  "adv_out_score_mm": [
    -0.5421248078346252,
    -2.8508787155151367,
    0.6887101531028748,
    0.6886963844299316,
    -0.3853021562099457,
    -1.5829622745513916,
    -0.9162024259567261,
    -2.847093105316162,
    -2.148463726043701,
    -4.750869274139404
  ],
  "inp_out_score": [
    -0.5827482342720032,
    -3.0556392669677734,
    0.9864452481269836,
    0.6462319493293762,
    -0.23329105973243713,
    -1.6246674060821533,
    -0.861526370048523,
    -2.7910327911376953,
    -2.3484926223754883,
    -4.839972496032715
  ],
  "mat_model_path": "data/cifar10.mat.xz",
  "device": "cuda",
  "argv_options": [
    "--no-gap",
    "--log-file"
  ]
}