{
  "label": 2,
  "gap": -1.268057713222168e-05,
  "eps": 0.00784313725490196,
  "verify": {
    "ObjectiveBound": 1e+100,
    "ObjectiveValue": NaN,
    "PredictedIndex": 3,
    "SolveStatus": "InfeasibleOrUnbounded",
    "SolveTime": 26.871514081954956,
    "TotalTime": 45.256006389,
    "robust": true,
    "status_known": true
  },
  "test_acc": 0.5874,
  "adv_out_score": [
    -0.5421247482299805,
    -2.8508636951446533,
    0.6886758804321289,
    0.6886975765228271,
    -0.38531050086021423,
    -1.5829604864120483,
    -0.9162130355834961,
    -2.847080707550049,
    -2.1484546661376953,
    -4.750854015350342
  ],
  "adv_out_score_mm": [
    -0.5421250462532043,
    -2.850879192352295,
    0.6886975765228271,
    0.6886961460113525,
    -0.3853021562099457,
    -1.5829623937606812,
    -0.916202187538147,
    -2.8470935821533203,
    -2.148463249206543,
    -4.750870227813721
  ],
  "inp_out_score": [
    -0.5827482342720032,
    -3.0556392669677734,
    0.9864325523376465,
    0.6462319493293762,
    -0.23329105973243713,
    -1.6246674060821533,
    -0.861526370048523,
    -2.7910327911376953,
    -2.3484926223754883,
    -4.839972496032715
  ],
  "mat_model_path": "data/cifar10.mat.xz",
  "device": "cuda",
  "argv_options": [
    "--log-file"
  ]
}